Survived,Pclass,Fare,AgeGroup,FareBuckets,FamilySize,Sex_female,Sex_male,EmbarkedImputed_C,EmbarkedImputed_Q,EmbarkedImputed_S,Floor_A,Floor_B,Floor_C,Floor_D,Floor_E,Floor_F,Floor_G,Floor_Ground Floor,Floor_T,Title_Master.,Title_Miss.,Title_Mr.,Title_Mrs.,Title_Other Titles
0,3,7.25,2,0,0,0,1,0,0,1,0,0,0,0,0,0,0,1,0,0,0,1,0,0
1,1,71.2833,2,2,0,1,0,1,0,0,0,0,1,0,0,0,0,0,0,0,0,0,1,0
1,3,7.925,2,0,0,1,0,0,0,1,0,0,0,0,0,0,0,1,0,0,1,0,0,0
1,1,53.1,2,2,0,1,0,0,0,1,0,0,1,0,0,0,0,0,0,0,0,0,1,0
0,3,8.05,2,1,0,0,1,0,0,1,0,0,0,0,0,0,0,1,0,0,0,1,0,0
0,3,8.4583,2,1,0,0,1,0,1,0,0,0,0,0,0,0,0,1,0,0,0,1,0,0
0,1,51.8625,2,2,0,0,1,0,0,1,0,0,0,0,1,0,0,0,0,0,0,1,0,0
0,3,21.075,0,1,2,0,1,0,0,1,0,0,0,0,0,0,0,1,0,1,0,0,0,0
1,3,11.1333,2,1,1,1,0,0,0,1,0,0,0,0,0,0,0,1,0,0,0,0,1,0
1,2,30.0708,1,1,0,1,0,1,0,0,0,0,0,0,0,0,0,1,0,0,0,0,1,0
1,3,16.7,0,1,1,1,0,0,0,1,0,0,0,0,0,0,1,0,0,0,1,0,0,0
1,1,26.55,2,1,0,1,0,0,0,1,0,0,1,0,0,0,0,0,0,0,1,0,0,0
0,3,8.05,1,1,0,0,1,0,0,1,0,0,0,0,0,0,0,1,0,0,0,1,0,0
0,3,31.275,2,2,2,0,1,0,0,1,0,0,0,0,0,0,0,1,0,0,0,1,0,0
0,3,7.8542,1,0,0,1,0,0,0,1,0,0,0,0,0,0,0,1,0,0,1,0,0,0
1,2,16.0,2,1,0,1,0,0,0,1,0,0,0,0,0,0,0,1,0,0,0,0,1,0
0,3,29.125,0,1,2,0,1,0,1,0,0,0,0,0,0,0,0,1,0,1,0,0,0,0
1,2,13.0,2,1,0,0,1,0,0,1,0,0,0,0,0,0,0,1,0,0,0,1,0,0
0,3,18.0,2,1,0,1,0,0,0,1,0,0,0,0,0,0,0,1,0,0,0,0,1,0
1,3,7.225,2,0,0,1,0,1,0,0,0,0,0,0,0,0,0,1,0,0,0,0,1,0
0,2,26.0,2,1,0,0,1,0,0,1,0,0,0,0,0,0,0,1,0,0,0,1,0,0
1,2,13.0,2,1,0,0,1,0,0,1,0,0,0,1,0,0,0,0,0,0,0,1,0,0
1,3,8.0292,1,1,0,1,0,0,1,0,0,0,0,0,0,0,0,1,0,0,1,0,0,0
1,1,35.5,2,2,0,0,1,0,0,1,1,0,0,0,0,0,0,0,0,0,0,1,0,0
0,3,21.075,0,1,2,1,0,0,0,1,0,0,0,0,0,0,0,1,0,0,1,0,0,0
1,3,31.3875,2,2,2,1,0,0,0,1,0,0,0,0,0,0,0,1,0,0,0,0,1,0
0,3,7.225,1,0,0,0,1,1,0,0,0,0,0,0,0,0,0,1,0,0,0,1,0,0
0,1,263.0,1,3,2,0,1,0,0,1,0,0,1,0,0,0,0,0,0,0,0,1,0,0
1,3,7.8792,2,0,0,1,0,0,1,0,0,0,0,0,0,0,0,1,0,0,1,0,0,0
0,3,7.8958,2,0,0,0,1,0,0,1,0,0,0,0,0,0,0,1,0,0,0,1,0,0
0,1,27.7208,2,1,0,0,1,1,0,0,0,0,0,0,0,0,0,1,0,0,0,0,0,1
1,1,146.5208,2,3,0,1,0,1,0,0,0,1,0,0,0,0,0,0,0,0,0,0,1,0
1,3,7.75,1,0,0,1,0,0,1,0,0,0,0,0,0,0,0,1,0,0,1,0,0,0
0,2,10.5,3,1,0,0,1,0,0,1,0,0,0,0,0,0,0,1,0,0,0,1,0,0
0,1,82.1708,2,2,0,0,1,1,0,0,0,0,0,0,0,0,0,1,0,0,0,1,0,0
0,1,52.0,2,2,0,0,1,0,0,1,0,0,0,0,0,0,0,1,0,0,0,1,0,0
1,3,7.2292,2,0,0,0,1,1,0,0,0,0,0,0,0,0,0,1,0,0,0,1,0,0
0,3,8.05,2,1,0,0,1,0,0,1,0,0,0,0,0,0,0,1,0,0,0,1,0,0
0,3,18.0,1,1,1,1,0,0,0,1,0,0,0,0,0,0,0,1,0,0,1,0,0,0
1,3,11.2417,1,1,0,1,0,1,0,0,0,0,0,0,0,0,0,1,0,0,1,0,0,0
0,3,9.475,2,1,0,1,0,0,0,1,0,0,0,0,0,0,0,1,0,0,0,0,1,0
0,2,21.0,2,1,0,1,0,0,0,1,0,0,0,0,0,0,0,1,0,0,0,0,1,0
0,3,7.8958,2,0,0,0,1,1,0,0,0,0,0,0,0,0,0,1,0,0,0,1,0,0
1,2,41.5792,0,2,1,1,0,1,0,0,0,0,0,0,0,0,0,1,0,0,1,0,0,0
1,3,7.8792,1,0,0,1,0,0,1,0,0,0,0,0,0,0,0,1,0,0,1,0,0,0
0,3,8.05,2,1,0,0,1,0,0,1,0,0,0,0,0,0,0,1,0,0,0,1,0,0
0,3,15.5,1,1,0,0,1,0,1,0,0,0,0,0,0,0,0,1,0,0,0,1,0,0
1,3,7.75,2,0,0,1,0,0,1,0,0,0,0,0,0,0,0,1,0,0,1,0,0,0
0,3,21.6792,2,1,1,0,1,1,0,0,0,0,0,0,0,0,0,1,0,0,0,1,0,0
0,3,17.8,1,1,0,1,0,0,0,1,0,0,0,0,0,0,0,1,0,0,0,0,1,0
0,3,39.6875,0,2,2,0,1,0,0,1,0,0,0,0,0,0,0,1,0,1,0,0,0,0
0,3,7.8,2,0,0,0,1,0,0,1,0,0,0,0,0,0,0,1,0,0,0,1,0,0
1,1,76.7292,2,2,0,1,0,1,0,0,0,0,0,1,0,0,0,0,0,0,0,0,1,0
1,2,26.0,2,1,0,1,0,0,0,1,0,0,0,0,0,0,0,1,0,0,0,0,1,0
0,1,61.9792,2,2,0,0,1,1,0,0,0,1,0,0,0,0,0,0,0,0,0,1,0,0
1,1,35.5,2,2,0,0,1,0,0,1,0,0,1,0,0,0,0,0,0,0,0,1,0,0
1,2,10.5,2,1,0,1,0,0,0,1,0,0,0,0,0,0,0,1,0,0,1,0,0,0
0,3,7.2292,2,0,0,0,1,1,0,0,0,0,0,0,0,0,0,1,0,0,0,1,0,0
1,2,27.75,0,1,1,1,0,0,0,1,0,0,0,0,0,0,0,1,0,0,1,0,0,0
0,3,46.9,1,2,3,0,1,0,0,1,0,0,0,0,0,0,0,1,0,1,0,0,0,0
0,3,7.2292,2,0,0,0,1,1,0,0,0,0,0,0,0,0,0,1,0,0,0,1,0,0
1,1,80.0,2,2,0,1,0,1,0,0,0,1,0,0,0,0,0,0,0,0,1,0,0,0
0,1,83.475,2,2,0,0,1,0,0,1,0,0,1,0,0,0,0,0,0,0,0,1,0,0
0,3,27.9,0,1,2,0,1,0,0,1,0,0,0,0,0,0,0,1,0,1,0,0,0,0
0,1,27.7208,1,1,0,0,1,1,0,0,0,0,0,0,0,0,0,1,0,0,0,1,0,0
1,3,15.2458,0,1,1,0,1,1,0,0,0,0,0,0,0,0,0,1,0,1,0,0,0,0
1,2,10.5,2,1,0,1,0,0,0,1,0,0,0,0,0,1,0,0,0,0,0,0,1,0
0,3,8.1583,1,1,0,0,1,0,0,1,0,0,0,0,0,0,0,1,0,0,0,1,0,0
1,3,7.925,1,0,2,1,0,0,0,1,0,0,0,0,0,0,0,1,0,0,1,0,0,0
0,3,8.6625,2,1,1,0,1,0,0,1,0,0,0,0,0,0,0,1,0,0,0,1,0,0
0,2,10.5,2,1,0,0,1,0,0,1,0,0,0,0,0,0,0,1,0,0,0,1,0,0
0,3,46.9,1,2,3,1,0,0,0,1,0,0,0,0,0,0,0,1,0,0,1,0,0,0
0,2,73.5,2,2,0,0,1,0,0,1,0,0,0,0,0,0,0,1,0,0,0,1,0,0
0,3,14.4542,2,1,0,0,1,1,0,0,0,0,0,0,0,0,0,1,0,0,0,1,0,0
1,3,56.4958,2,2,0,0,1,0,0,1,0,0,0,0,0,0,0,1,0,0,0,1,0,0
0,3,7.65,2,0,0,0,1,0,0,1,0,0,0,0,0,1,0,0,0,0,0,1,0,0
0,3,7.8958,1,0,0,0,1,0,0,1,0,0,0,0,0,0,0,1,0,0,0,1,0,0
0,3,8.05,2,1,0,0,1,0,0,1,0,0,0,0,0,0,0,1,0,0,0,1,0,0
1,2,29.0,0,1,1,0,1,0,0,1,0,0,0,0,0,0,0,1,0,1,0,0,0,0
1,3,12.475,2,1,0,1,0,0,0,1,0,0,0,0,0,0,0,1,0,0,1,0,0,0
0,3,9.0,2,1,0,0,1,0,0,1,0,0,0,0,0,0,0,1,0,0,0,1,0,0
1,3,9.5,2,1,0,0,1,0,0,1,0,0,0,0,0,0,0,1,0,0,0,1,0,0
1,3,7.7875,2,0,0,1,0,0,1,0,0,0,0,0,0,0,0,1,0,0,1,0,0,0
0,1,47.1,2,2,0,0,1,0,0,1,0,0,0,0,0,0,0,1,0,0,0,1,0,0
1,2,10.5,1,1,0,1,0,0,0,1,0,0,0,0,0,0,0,1,0,0,1,0,0,0
1,3,15.85,2,1,1,1,0,0,0,1,0,0,0,0,0,0,0,1,0,0,0,0,1,0
0,3,34.375,1,2,2,0,1,0,0,1,0,0,0,0,0,0,0,1,0,0,0,1,0,0
0,3,8.05,2,1,0,0,1,0,0,1,0,0,0,0,0,0,0,1,0,0,0,1,0,0
1,1,263.0,2,3,2,1,0,0,0,1,0,0,1,0,0,0,0,0,0,0,1,0,0,0
0,3,8.05,2,1,0,0,1,0,0,1,0,0,0,0,0,0,0,1,0,0,0,1,0,0
0,3,8.05,2,1,0,0,1,0,0,1,0,0,0,0,0,0,0,1,0,0,0,1,0,0
0,3,7.8542,1,0,0,0,1,0,0,1,0,0,0,0,0,0,0,1,0,0,0,1,0,0
0,1,61.175,2,2,0,0,1,0,0,1,0,0,0,0,1,0,0,0,0,0,0,1,0,0
0,3,20.575,2,1,1,0,1,0,0,1,0,0,0,0,0,0,0,1,0,0,0,1,0,0
0,3,7.25,2,0,0,0,1,0,0,1,0,0,0,0,0,0,0,1,0,0,0,1,0,0
0,3,8.05,2,1,0,0,1,0,0,1,0,0,0,0,0,0,0,1,0,0,0,1,0,0
0,1,34.6542,3,2,0,0,1,1,0,0,1,0,0,0,0,0,0,0,0,0,0,1,0,0
1,1,63.3583,2,2,0,0,1,1,0,0,0,0,0,1,0,0,0,0,0,0,0,1,0,0
1,2,23.0,2,1,0,1,0,0,0,1,0,0,0,0,0,0,0,1,0,0,0,0,1,0
0,2,26.0,2,1,0,0,1,0,0,1,0,0,0,0,0,0,0,1,0,0,0,1,0,0
0,3,7.8958,2,0,0,1,0,0,0,1,0,0,0,0,0,0,0,1,0,0,1,0,0,0
0,3,7.8958,1,0,0,0,1,0,0,1,0,0,0,0,0,0,0,1,0,0,0,1,0,0
0,1,77.2875,2,2,0,0,1,0,0,1,0,0,0,1,0,0,0,0,0,0,0,1,0,0
0,3,8.6542,2,1,0,0,1,0,0,1,0,0,0,0,0,0,0,1,0,0,0,1,0,0
0,3,7.925,2,0,1,0,1,0,0,1,0,0,0,0,0,0,0,1,0,0,0,1,0,0
0,3,7.8958,2,0,0,0,1,0,0,1,0,0,0,0,0,0,0,1,0,0,0,1,0,0
1,3,7.65,2,0,0,1,0,0,0,1,0,0,0,0,0,0,0,1,0,0,1,0,0,0
1,3,7.775,2,0,0,0,1,0,0,1,0,0,0,0,0,0,0,1,0,0,0,1,0,0
0,3,7.8958,2,0,0,0,1,0,0,1,0,0,0,0,0,0,0,1,0,0,0,1,0,0
1,3,24.15,2,1,0,1,0,0,1,0,0,0,0,0,0,0,0,1,0,0,1,0,0,0
0,1,52.0,2,2,0,0,1,0,0,1,0,0,1,0,0,0,0,0,0,0,0,1,0,0
0,3,14.4542,1,1,0,1,0,1,0,0,0,0,0,0,0,0,0,1,0,0,1,0,0,0
0,3,8.05,2,1,0,0,1,0,0,1,0,0,0,0,0,0,0,1,0,0,0,1,0,0
0,3,9.825,1,1,0,1,0,0,0,1,0,0,0,0,0,0,0,1,0,0,1,0,0,0
0,3,14.4583,1,1,0,1,0,1,0,0,0,0,0,0,0,0,0,1,0,0,1,0,0,0
0,3,7.925,2,0,0,0,1,0,0,1,0,0,0,0,0,0,0,1,0,0,0,1,0,0
0,3,7.75,3,0,0,0,1,0,1,0,0,0,0,0,0,0,0,1,0,0,0,1,0,0
0,2,21.0,2,1,0,0,1,0,0,1,0,0,0,0,0,0,0,1,0,0,0,1,0,0
0,1,247.5208,2,3,0,0,1,1,0,0,0,1,0,0,0,0,0,0,0,0,0,1,0,0
0,3,31.275,0,2,2,1,0,0,0,1,0,0,0,0,0,0,0,1,0,0,1,0,0,0
0,2,73.5,2,2,1,0,1,0,0,1,0,0,0,0,0,0,0,1,0,0,0,1,0,0
0,3,8.05,2,1,0,0,1,0,0,1,0,0,0,0,0,0,0,1,0,0,0,1,0,0
0,2,30.0708,2,1,0,0,1,1,0,0,0,0,0,0,0,0,0,1,0,0,0,1,0,0
1,2,13.0,2,1,0,1,0,0,0,1,0,0,0,0,1,0,0,0,0,0,1,0,0,0
0,1,77.2875,2,2,0,0,1,0,0,1,0,0,0,1,0,0,0,0,0,0,0,1,0,0
1,3,11.2417,1,1,0,0,1,1,0,0,0,0,0,0,0,0,0,1,0,1,0,0,0,0
0,3,7.75,1,0,0,0,1,0,1,0,0,0,0,0,0,0,0,1,0,0,0,1,0,0
1,3,7.1417,2,0,0,0,1,0,0,1,0,0,0,0,0,0,0,1,0,0,0,1,0,0
1,3,22.3583,1,1,1,1,0,1,0,0,0,0,0,0,0,1,0,0,0,0,1,0,0,0
0,3,6.975,2,0,0,0,1,0,0,1,0,0,0,0,0,0,0,1,0,0,0,1,0,0
0,3,7.8958,2,0,0,0,1,1,0,0,0,0,0,0,0,0,0,1,0,0,0,1,0,0
0,3,7.05,1,0,0,0,1,0,0,1,0,0,0,0,0,0,0,1,0,0,0,1,0,0
0,3,14.5,2,1,0,1,0,0,0,1,0,0,0,0,0,0,0,1,0,0,0,0,1,0
1,2,26.0,2,1,0,1,0,0,0,1,0,0,0,0,0,0,0,1,0,0,0,0,1,0
0,2,13.0,2,1,0,0,1,0,0,1,0,0,0,0,0,0,0,1,0,0,0,1,0,0
0,2,15.0458,2,1,0,0,1,1,0,0,0,0,0,0,0,0,0,1,0,0,0,1,0,0
1,1,26.2833,1,1,1,1,0,0,0,1,0,0,0,1,0,0,0,0,0,0,1,0,0,0
0,1,53.1,2,2,0,0,1,0,0,1,0,0,1,0,0,0,0,0,0,0,0,1,0,0
0,3,9.2167,1,1,0,0,1,0,0,1,0,0,0,0,0,0,0,1,0,0,0,1,0,0
0,1,79.2,2,2,0,0,1,1,0,0,0,1,0,0,0,0,0,0,0,0,0,1,0,0
0,3,15.2458,2,1,1,1,0,1,0,0,0,0,0,0,0,0,0,1,0,0,0,0,1,0
1,3,7.75,2,0,0,1,0,0,0,1,0,0,0,0,0,0,0,1,0,0,1,0,0,0
1,3,15.85,2,1,0,1,0,0,0,1,0,0,0,0,0,0,0,1,0,0,0,0,1,0
0,3,6.75,1,0,0,0,1,0,1,0,0,0,0,0,0,0,0,1,0,0,0,1,0,0
0,2,11.5,1,1,0,0,1,0,0,1,0,0,0,0,0,0,0,1,0,0,0,1,0,0
0,2,36.75,1,2,1,0,1,0,0,1,0,0,0,0,0,0,0,1,0,0,0,1,0,0
1,3,7.7958,2,0,0,0,1,0,0,1,0,0,0,0,0,0,0,1,0,0,0,1,0,0
0,3,34.375,0,2,2,1,0,0,0,1,0,0,0,0,0,0,0,1,0,0,1,0,0,0
0,2,26.0,2,1,1,0,1,0,0,1,0,0,0,0,0,1,0,0,0,0,0,1,0,0
0,2,13.0,2,1,0,0,1,0,0,1,0,0,0,0,0,0,0,1,0,0,0,0,0,1
0,2,12.525,2,1,0,0,1,0,0,1,0,0,0,0,0,0,0,1,0,0,0,0,0,1
1,1,66.6,2,2,0,1,0,0,0,1,0,0,1,0,0,0,0,0,0,0,0,0,1,0
0,3,8.05,2,1,0,0,1,0,0,1,0,0,0,0,0,0,0,1,0,0,0,1,0,0
0,3,14.5,2,1,1,0,1,0,0,1,0,0,0,0,0,0,0,1,0,0,0,1,0,0
0,3,7.3125,1,0,0,0,1,0,0,1,0,0,0,0,0,0,0,1,0,0,0,1,0,0
0,1,61.3792,2,2,0,0,1,1,0,0,0,0,0,0,0,0,0,1,0,0,0,1,0,0
1,3,7.7333,1,0,0,1,0,0,1,0,0,0,0,0,0,0,0,1,0,0,1,0,0,0
0,3,8.05,2,1,0,0,1,0,0,1,0,0,0,0,0,0,0,1,0,0,0,1,0,0
0,3,8.6625,0,1,0,0,1,0,0,1,0,0,0,0,0,0,0,1,0,0,0,1,0,0
0,3,69.55,0,2,3,0,1,0,0,1,0,0,0,0,0,0,0,1,0,1,0,0,0,0
0,3,16.1,2,1,0,0,1,0,0,1,0,0,0,0,0,0,0,1,0,0,0,1,0,0
1,2,15.75,2,1,0,1,0,0,0,1,0,0,0,0,0,0,0,1,0,0,0,0,1,0
0,3,7.775,2,0,0,0,1,0,0,1,0,0,0,0,0,0,0,1,0,0,0,1,0,0
0,3,8.6625,1,1,0,0,1,0,0,1,0,0,0,0,0,0,0,1,0,0,0,1,0,0
0,3,39.6875,0,2,2,0,1,0,0,1,0,0,0,0,0,0,0,1,0,1,0,0,0,0
1,3,20.525,0,1,1,0,1,0,0,1,0,0,0,0,0,0,0,1,0,1,0,0,0,0
1,1,55.0,2,2,0,1,0,0,0,1,0,0,0,0,1,0,0,0,0,0,0,0,1,0
0,3,27.9,2,1,2,1,0,0,0,1,0,0,0,0,0,0,0,1,0,0,0,0,1,0
0,1,25.925,2,1,0,0,1,0,0,1,0,0,0,0,0,0,0,1,0,0,0,1,0,0
0,3,56.4958,2,2,0,0,1,0,0,1,0,0,0,0,0,0,0,1,0,0,0,1,0,0
0,1,33.5,2,2,0,0,1,0,0,1,0,1,0,0,0,0,0,0,0,0,0,1,0,0
0,3,29.125,0,1,2,0,1,0,1,0,0,0,0,0,0,0,0,1,0,1,0,0,0,0
1,3,11.1333,0,1,1,1,0,0,0,1,0,0,0,0,0,0,0,1,0,0,1,0,0,0
0,3,7.925,2,0,0,0,1,0,0,1,0,0,0,0,0,0,0,1,0,0,0,1,0,0
0,1,30.6958,2,1,0,0,1,1,0,0,1,0,0,0,0,0,0,0,0,0,0,1,0,0
0,3,7.8542,1,0,1,0,1,0,0,1,0,0,0,0,0,0,0,1,0,0,0,1,0,0
0,3,25.4667,2,1,2,0,1,0,0,1,0,0,0,0,0,0,0,1,0,1,0,0,0,0
0,1,28.7125,2,1,0,1,0,1,0,0,0,0,1,0,0,0,0,0,0,0,1,0,0,0
0,2,13.0,2,1,0,0,1,0,0,1,0,0,0,0,0,0,0,1,0,0,0,1,0,0
0,3,0.0,2,0,0,0,1,0,0,1,0,0,0,0,0,0,0,1,0,0,0,1,0,0
0,3,69.55,2,2,3,1,0,0,0,1,0,0,0,0,0,0,0,1,0,0,1,0,0,0
0,2,15.05,2,1,0,0,1,1,0,0,0,0,0,0,0,0,0,1,0,0,0,1,0,0
0,3,31.3875,0,2,2,0,1,0,0,1,0,0,0,0,0,0,0,1,0,1,0,0,0,0
1,2,39.0,0,2,1,0,1,0,0,1,0,0,0,0,0,1,0,0,0,1,0,0,0,0
1,3,22.025,0,1,1,1,0,0,0,1,0,0,0,0,0,0,0,1,0,0,1,0,0,0
0,1,50.0,2,2,0,0,1,0,0,1,1,0,0,0,0,0,0,0,0,0,0,1,0,0
1,3,15.5,2,1,0,1,0,0,1,0,0,0,0,0,0,0,0,1,0,0,0,0,1,0
1,1,26.55,2,1,0,0,1,0,0,1,0,0,0,0,0,0,0,1,0,0,0,1,0,0
0,3,15.5,2,1,1,0,1,0,1,0,0,0,0,0,0,0,0,1,0,0,0,1,0,0
0,3,7.8958,2,0,0,0,1,0,0,1,0,0,0,0,0,0,0,1,0,0,0,1,0,0
1,2,13.0,2,1,0,1,0,0,0,1,0,0,0,0,0,0,0,1,0,0,0,0,1,0
0,2,13.0,1,1,0,0,1,0,0,1,0,0,0,0,0,0,0,1,0,0,0,1,0,0
1,3,7.8542,1,0,0,1,0,0,0,1,0,0,0,0,0,0,0,1,0,0,1,0,0,0
1,2,26.0,0,1,1,0,1,0,0,1,0,0,0,0,0,1,0,0,0,1,0,0,0,0
1,1,27.7208,2,1,0,1,0,1,0,0,0,1,0,0,0,0,0,0,0,0,0,0,1,0
1,1,146.5208,2,3,0,1,0,1,0,0,0,1,0,0,0,0,0,0,0,0,1,0,0,0
0,3,7.75,2,0,0,0,1,0,1,0,0,0,0,0,0,0,0,1,0,0,0,1,0,0
0,3,8.4042,2,1,0,0,1,0,0,1,0,0,0,0,0,0,0,1,0,0,0,1,0,0
1,3,7.75,2,0,0,1,0,0,1,0,0,0,0,0,0,0,0,1,0,0,1,0,0,0
0,2,13.0,2,1,0,1,0,0,0,1,0,0,0,0,0,0,0,1,0,0,1,0,0,0
0,3,9.5,2,1,0,0,1,0,0,1,0,0,0,0,0,0,0,1,0,0,0,1,0,0
0,3,69.55,1,2,3,0,1,0,0,1,0,0,0,0,0,0,0,1,0,0,0,1,0,0
0,3,6.4958,2,0,0,0,1,0,0,1,0,0,0,0,0,0,0,1,0,0,0,1,0,0
0,3,7.225,2,0,0,0,1,1,0,0,0,0,0,0,0,0,0,1,0,0,0,1,0,0
1,3,8.05,1,1,0,0,1,0,0,1,0,0,0,0,0,0,0,1,0,0,0,1,0,0
0,3,10.4625,0,1,0,1,0,0,0,1,0,0,0,0,0,0,1,0,0,0,1,0,0,0
0,3,15.85,2,1,0,0,1,0,0,1,0,0,0,0,0,0,0,1,0,0,0,1,0,0
1,3,18.7875,2,1,0,0,1,1,0,0,0,0,0,0,0,0,0,1,0,0,0,1,0,0
1,3,7.75,1,0,0,1,0,0,1,0,0,0,0,0,0,0,0,1,0,0,1,0,0,0
1,1,31.0,2,1,0,0,1,1,0,0,1,0,0,0,0,0,0,0,0,0,0,1,0,0
0,3,7.05,2,0,0,0,1,0,0,1,0,0,0,0,0,0,0,1,0,0,0,1,0,0
1,2,21.0,2,1,0,1,0,0,0,1,0,0,0,0,0,0,0,1,0,0,1,0,0,0
0,3,7.25,2,0,0,0,1,0,0,1,0,0,0,0,0,0,0,1,0,0,0,1,0,0
0,2,13.0,2,1,0,0,1,0,0,1,0,0,0,0,0,0,0,1,0,0,0,1,0,0
0,3,7.75,2,0,0,0,1,0,1,0,0,0,0,0,0,0,0,1,0,0,0,1,0,0
1,1,113.275,2,3,0,1,0,1,0,0,0,0,0,1,0,0,0,0,0,0,1,0,0,0
1,3,7.925,2,0,0,1,0,0,0,1,0,0,0,0,0,0,0,1,0,0,1,0,0,0
0,2,27.0,2,1,0,0,1,0,0,1,0,0,0,0,0,0,0,1,0,0,0,1,0,0
1,1,76.2917,2,2,0,1,0,1,0,0,0,0,0,1,0,0,0,0,0,0,1,0,0,0
0,2,10.5,2,1,0,0,1,0,0,1,0,0,0,0,0,0,0,1,0,0,0,1,0,0
1,3,8.05,1,1,0,0,1,0,0,1,0,0,0,0,0,0,0,1,0,0,0,1,0,0
0,2,13.0,2,1,0,0,1,0,0,1,0,0,0,0,0,0,0,1,0,0,0,1,0,0
0,3,8.05,2,1,0,0,1,0,0,1,0,0,0,0,0,0,0,1,0,0,0,1,0,0
0,3,7.8958,2,0,0,0,1,0,0,1,0,0,0,0,0,0,0,1,0,0,0,1,0,0
1,1,90.0,2,2,0,0,1,0,0,1,0,0,1,0,0,0,0,0,0,0,0,1,0,0
0,3,9.35,2,1,0,0,1,0,0,1,0,0,0,0,0,0,0,1,0,0,0,1,0,0
1,2,10.5,1,1,0,0,1,0,0,1,0,0,0,0,0,0,0,1,0,0,0,1,0,0
0,3,7.25,2,0,0,0,1,0,0,1,0,0,0,0,0,0,0,1,0,0,0,1,0,0
0,2,13.0,1,1,0,0,1,0,0,1,0,0,0,0,0,0,0,1,0,0,0,1,0,0
0,3,25.4667,0,1,2,1,0,0,0,1,0,0,0,0,0,0,0,1,0,0,1,0,0,0
1,1,83.475,2,2,0,1,0,0,0,1,0,0,1,0,0,0,0,0,0,0,0,0,1,0
0,3,7.775,2,0,0,0,1,0,0,1,0,0,0,0,0,0,0,1,0,0,0,1,0,0
0,2,13.5,2,1,0,0,1,0,0,1,0,0,0,0,0,0,0,1,0,0,0,1,0,0
1,3,31.3875,0,2,2,1,0,0,0,1,0,0,0,0,0,0,0,1,0,0,1,0,0,0
0,2,10.5,2,1,0,0,1,0,0,1,0,0,0,0,0,0,0,1,0,0,0,1,0,0
0,3,7.55,2,0,0,1,0,0,0,1,0,0,0,0,0,0,0,1,0,0,1,0,0,0
0,2,26.0,2,1,0,0,1,0,0,1,0,0,0,0,0,0,0,1,0,0,0,1,0,0
1,2,26.25,0,1,1,1,0,0,0,1,0,0,0,0,0,0,0,1,0,0,1,0,0,0
0,2,10.5,1,1,0,0,1,0,0,1,0,0,0,0,0,0,0,1,0,0,0,1,0,0
0,2,12.275,2,1,0,0,1,0,0,1,0,0,0,0,0,0,0,1,0,0,0,1,0,0
0,3,14.4542,1,1,0,1,0,1,0,0,0,0,0,0,0,0,0,1,0,0,1,0,0,0
1,3,15.5,1,1,0,1,0,0,1,0,0,0,0,0,0,0,0,1,0,0,1,0,0,0
0,2,10.5,2,1,0,0,1,0,0,1,0,0,0,0,0,0,0,1,0,0,0,1,0,0
0,3,7.125,2,0,0,0,1,0,0,1,0,0,0,0,0,0,0,1,0,0,0,1,0,0
0,3,7.225,2,0,0,0,1,1,0,0,0,0,0,0,0,0,0,1,0,0,0,1,0,0
0,1,90.0,2,2,1,0,1,0,1,0,0,0,1,0,0,0,0,0,0,0,0,0,0,1
0,3,7.775,2,0,0,1,0,0,0,1,0,0,0,0,0,0,0,1,0,0,1,0,0,0
1,2,14.5,2,1,1,1,0,0,0,1,0,0,0,0,0,0,0,1,0,0,0,0,1,0
1,1,52.5542,2,2,1,0,1,0,0,1,0,0,0,1,0,0,0,0,0,0,0,1,0,0
0,2,26.0,2,1,0,0,1,0,0,1,0,0,0,0,0,0,0,1,0,0,0,0,0,1
0,3,7.25,1,0,0,0,1,0,0,1,0,0,0,0,0,0,0,1,0,0,0,1,0,0
0,3,10.4625,2,1,1,1,0,0,0,1,0,0,0,0,0,0,1,0,0,0,0,0,1,0
0,1,26.55,2,1,0,0,1,0,0,1,0,0,1,0,0,0,0,0,0,0,0,1,0,0
0,3,16.1,2,1,0,0,1,0,0,1,0,0,0,0,0,0,0,1,0,0,0,1,0,0
0,3,20.2125,2,1,1,1,0,0,0,1,0,0,0,0,0,0,0,1,0,0,0,0,1,0
1,3,15.2458,2,1,1,1,0,1,0,0,0,0,0,0,0,0,0,1,0,0,0,0,1,0
1,1,79.2,2,2,0,1,0,1,0,0,0,0,0,0,0,0,0,1,0,0,0,0,1,0
1,1,86.5,2,2,0,1,0,0,0,1,0,1,0,0,0,0,0,0,0,0,1,0,0,0
1,1,512.3292,2,3,0,1,0,1,0,0,0,0,0,0,0,0,0,1,0,0,1,0,0,0
1,2,26.0,2,1,0,1,0,0,0,1,0,0,0,0,0,0,0,1,0,0,0,0,1,0
0,3,7.75,2,0,0,0,1,0,1,0,0,0,0,0,0,0,0,1,0,0,0,1,0,0
1,3,31.3875,0,2,2,0,1,0,0,1,0,0,0,0,0,0,0,1,0,1,0,0,0,0
0,1,79.65,2,2,1,0,1,0,0,1,0,0,0,0,1,0,0,0,0,0,0,1,0,0
0,1,0.0,2,0,0,0,1,0,0,1,0,1,0,0,0,0,0,0,0,0,0,1,0,0
0,3,7.75,2,0,0,1,0,0,1,0,0,0,0,0,0,0,0,1,0,0,1,0,0,0
0,2,10.5,2,1,0,0,1,0,0,1,0,0,0,0,0,0,0,1,0,0,0,1,0,0
0,3,39.6875,1,2,2,0,1,0,0,1,0,0,0,0,0,0,0,1,0,0,0,1,0,0
1,3,7.775,2,0,0,0,1,0,0,1,0,0,0,0,0,0,0,1,0,0,0,1,0,0
1,1,153.4625,2,3,0,1,0,0,0,1,0,0,1,0,0,0,0,0,0,0,0,0,1,0
1,1,135.6333,2,3,0,1,0,0,0,1,0,0,1,0,0,0,0,0,0,0,1,0,0,0
0,1,31.0,2,1,0,0,1,0,0,1,0,0,0,0,0,0,0,1,0,0,0,1,0,0
1,3,0.0,2,0,0,0,1,0,0,1,0,0,0,0,0,0,0,1,0,0,0,1,0,0
1,2,19.5,2,1,0,1,0,0,0,1,0,0,0,0,0,0,0,1,0,0,0,0,1,0
0,1,29.7,2,1,0,0,1,1,0,0,0,0,1,0,0,0,0,0,0,0,0,1,0,0
1,3,7.75,2,0,0,1,0,0,1,0,0,0,0,0,0,0,0,1,0,0,1,0,0,0
1,1,77.9583,2,2,0,1,0,0,0,1,0,0,0,1,0,0,0,0,0,0,1,0,0,0
0,3,7.75,2,0,0,1,0,0,0,1,0,0,0,0,0,0,0,1,0,0,1,0,0,0
0,2,0.0,2,0,0,0,1,0,0,1,0,0,0,0,0,0,0,1,0,0,0,1,0,0
0,3,29.125,0,1,2,0,1,0,1,0,0,0,0,0,0,0,0,1,0,1,0,0,0,0
1,3,20.25,2,1,1,1,0,0,0,1,0,0,0,0,0,0,0,1,0,0,0,0,1,0
0,3,7.75,2,0,0,0,1,0,1,0,0,0,0,0,0,0,0,1,0,0,0,1,0,0
0,3,7.8542,2,0,0,0,1,0,0,1,0,0,0,0,0,0,0,1,0,0,0,1,0,0
0,3,9.5,1,1,0,0,1,0,0,1,0,0,0,0,0,0,0,1,0,0,0,1,0,0
1,3,8.05,1,1,0,0,1,0,0,1,0,0,0,0,0,0,0,1,0,0,0,1,0,0
0,1,26.0,2,1,0,0,1,0,0,1,1,0,0,0,0,0,0,0,0,0,0,1,0,0
0,3,8.6625,2,1,0,0,1,1,0,0,0,0,0,0,0,0,0,1,0,0,0,1,0,0
1,3,9.5,2,1,0,0,1,0,0,1,0,0,0,0,0,0,0,1,0,0,0,1,0,0
0,3,7.8958,2,0,0,0,1,0,0,1,0,0,0,0,0,0,0,1,0,0,0,1,0,0
1,2,13.0,2,1,0,0,1,0,0,1,0,0,0,0,0,0,0,1,0,0,0,1,0,0
1,3,7.75,2,0,0,1,0,0,1,0,0,0,0,0,0,0,0,1,0,0,1,0,0,0
1,1,78.85,2,2,0,1,0,0,0,1,0,0,0,0,0,0,0,1,0,0,1,0,0,0
1,1,91.0792,1,2,0,1,0,1,0,0,0,1,0,0,0,0,0,0,0,0,0,0,1,0
0,2,12.875,2,1,0,0,1,1,0,0,0,0,0,1,0,0,0,0,0,0,0,1,0,0
0,3,8.85,2,1,0,1,0,0,0,1,0,0,0,0,0,0,0,1,0,0,1,0,0,0
0,3,7.8958,2,0,0,0,1,0,0,1,0,0,0,0,0,0,0,1,0,0,0,1,0,0
0,1,27.7208,2,1,0,0,1,1,0,0,0,0,0,0,0,0,0,1,0,0,0,1,0,0
0,3,7.2292,2,0,0,0,1,1,0,0,0,0,0,0,0,0,0,1,0,0,0,1,0,0
0,1,151.55,0,3,1,1,0,0,0,1,0,0,1,0,0,0,0,0,0,0,1,0,0,0
1,1,30.5,2,1,0,0,1,0,0,1,0,0,1,0,0,0,0,0,0,0,0,1,0,0
1,1,247.5208,2,3,0,1,0,1,0,0,0,1,0,0,0,0,0,0,0,0,0,0,1,0
1,3,7.75,0,0,0,1,0,0,1,0,0,0,0,0,0,0,0,1,0,0,1,0,0,0
1,3,23.25,2,1,1,0,1,0,1,0,0,0,0,0,0,0,0,1,0,0,0,1,0,0
0,3,0.0,1,0,0,0,1,0,0,1,0,0,0,0,0,0,0,1,0,0,0,1,0,0
1,2,12.35,2,1,0,1,0,0,1,0,0,0,0,0,1,0,0,0,0,0,1,0,0,0
0,3,8.05,2,1,0,0,1,0,0,1,0,0,0,0,0,0,0,1,0,0,0,1,0,0
1,1,151.55,0,3,1,0,1,0,0,1,0,0,1,0,0,0,0,0,0,1,0,0,0,0
1,1,110.8833,2,3,0,1,0,1,0,0,0,0,0,0,0,0,0,1,0,0,1,0,0,0
1,1,108.9,1,3,0,1,0,1,0,0,0,0,1,0,0,0,0,0,0,0,0,0,1,0
0,2,24.0,2,1,0,0,1,1,0,0,0,0,0,0,0,0,0,1,0,0,0,1,0,0
1,1,56.9292,2,2,0,1,0,1,0,0,0,0,0,0,1,0,0,0,0,0,1,0,0,0
1,1,83.1583,2,2,0,1,0,1,0,0,0,0,1,0,0,0,0,0,0,0,1,0,0,0
1,1,262.375,1,3,2,1,0,1,0,0,0,1,0,0,0,0,0,0,0,0,1,0,0,0
0,2,26.0,2,1,1,1,0,0,0,1,0,0,0,0,0,0,0,1,0,0,0,0,1,0
0,3,7.8958,2,0,0,0,1,0,0,1,0,0,0,0,0,0,0,1,0,0,0,1,0,0
0,2,26.25,2,1,1,0,1,0,0,1,0,0,0,0,0,0,0,1,0,0,0,1,0,0
1,3,7.8542,2,0,0,1,0,0,0,1,0,0,0,0,0,0,0,1,0,0,1,0,0,0
1,2,26.0,2,1,0,1,0,0,0,1,0,0,0,0,0,0,0,1,0,0,0,0,1,0
0,2,14.0,2,1,0,0,1,0,0,1,0,0,0,0,0,0,0,1,0,0,0,0,0,1
1,1,164.8667,2,3,1,1,0,0,0,1,0,0,1,0,0,0,0,0,0,0,1,0,0,0
1,1,134.5,2,3,1,1,0,1,0,0,0,0,0,0,1,0,0,0,0,0,0,0,1,0
0,3,7.25,2,0,0,0,1,0,0,1,0,0,0,0,0,0,0,1,0,0,0,1,0,0
0,3,7.8958,2,0,0,0,1,0,0,1,0,0,0,0,0,0,0,1,0,0,0,1,0,0
1,2,12.35,2,1,0,1,0,0,1,0,0,0,0,0,0,0,0,1,0,0,1,0,0,0
1,2,29.0,2,1,1,1,0,0,0,1,0,0,0,0,0,0,0,1,0,0,0,0,1,0
0,3,69.55,2,2,3,0,1,0,0,1,0,0,0,0,0,0,0,1,0,0,0,1,0,0
1,1,135.6333,2,3,0,1,0,1,0,0,0,0,1,0,0,0,0,0,0,0,1,0,0,0
0,3,6.2375,2,0,0,0,1,0,0,1,0,0,0,0,0,0,0,1,0,0,0,1,0,0
1,2,13.0,2,1,0,1,0,0,0,1,0,0,0,1,0,0,0,0,0,0,0,0,1,0
1,3,20.525,2,1,1,1,0,0,0,1,0,0,0,0,0,0,0,1,0,0,0,0,1,0
1,1,57.9792,1,2,0,1,0,1,0,0,0,1,0,0,0,0,0,0,0,0,1,0,0,0
1,3,23.25,2,1,1,1,0,0,1,0,0,0,0,0,0,0,0,1,0,0,1,0,0,0
0,1,28.5,2,1,0,0,1,0,0,1,0,0,1,0,0,0,0,0,0,0,0,1,0,0
0,1,153.4625,2,3,0,0,1,0,0,1,0,0,1,0,0,0,0,0,0,0,0,1,0,0
0,3,18.0,1,1,1,0,1,0,0,1,0,0,0,0,0,0,0,1,0,0,0,1,0,0
1,1,133.65,3,3,0,1,0,0,0,1,0,0,0,0,0,0,0,1,0,0,0,0,1,0
0,3,7.8958,2,0,0,0,1,0,0,1,0,0,0,0,0,0,0,1,0,0,0,1,0,0
0,1,66.6,2,2,0,0,1,0,0,1,0,0,1,0,0,0,0,0,0,0,0,1,0,0
1,1,134.5,2,3,0,1,0,1,0,0,0,0,0,0,1,0,0,0,0,0,1,0,0,0
1,3,8.05,2,1,0,0,1,0,0,1,0,0,0,0,0,0,0,1,0,0,0,1,0,0
0,1,35.5,2,2,0,0,1,0,0,1,0,0,0,0,0,0,0,0,1,0,0,1,0,0
1,2,26.0,0,1,1,0,1,0,0,1,0,0,0,0,0,1,0,0,0,1,0,0,0,0
1,1,263.0,2,3,2,1,0,0,0,1,0,0,1,0,0,0,0,0,0,0,1,0,0,0
0,2,13.0,2,1,0,0,1,0,0,1,0,0,0,0,0,0,0,1,0,0,0,1,0,0
0,2,13.0,2,1,0,0,1,0,0,1,0,0,0,0,0,0,0,1,0,0,0,1,0,0
0,2,13.0,2,1,0,0,1,0,0,1,0,0,0,0,0,0,0,1,0,0,0,1,0,0
1,2,13.0,2,1,0,1,0,0,0,1,0,0,0,0,0,1,0,0,0,0,1,0,0,0
1,2,13.0,2,1,0,1,0,0,0,1,0,0,0,0,0,0,0,1,0,0,1,0,0,0
1,3,16.1,2,1,0,1,0,0,0,1,0,0,0,0,0,0,0,1,0,0,0,0,1,0
1,3,15.9,0,1,1,0,1,0,0,1,0,0,0,0,0,0,0,1,0,1,0,0,0,0
0,3,8.6625,2,1,0,0,1,0,0,1,0,0,0,0,0,0,0,1,0,0,0,1,0,0
0,3,9.225,2,1,0,0,1,0,0,1,0,0,0,0,0,0,0,1,0,0,0,1,0,0
0,1,35.0,2,2,0,0,1,0,0,1,0,0,1,0,0,0,0,0,0,0,0,1,0,0
0,3,7.2292,1,0,1,0,1,1,0,0,0,0,0,0,0,0,0,1,0,0,0,1,0,0
0,3,17.8,2,1,0,0,1,0,0,1,0,0,0,0,0,0,0,1,0,0,0,1,0,0
0,3,7.225,2,0,0,0,1,1,0,0,0,0,0,0,0,0,0,1,0,0,0,1,0,0
0,3,9.5,2,1,0,0,1,0,0,1,0,0,0,0,0,0,0,1,0,0,0,1,0,0
1,1,55.0,2,2,0,1,0,0,0,1,0,0,0,0,1,0,0,0,0,0,1,0,0,0
0,2,13.0,2,1,0,1,0,0,0,1,0,0,0,0,0,0,0,1,0,0,1,0,0,0
1,3,7.8792,2,0,0,1,0,0,1,0,0,0,0,0,0,0,0,1,0,0,1,0,0,0
1,3,7.8792,2,0,0,1,0,0,1,0,0,0,0,0,0,0,0,1,0,0,1,0,0,0
0,3,27.9,2,1,2,0,1,0,0,1,0,0,0,0,0,0,0,1,0,0,0,1,0,0
0,2,27.7208,2,1,0,0,1,1,0,0,0,0,0,0,0,0,0,1,0,0,0,1,0,0
0,3,14.4542,2,1,0,1,0,1,0,0,0,0,0,0,0,0,0,1,0,0,0,0,1,0
0,3,7.05,2,0,0,0,1,0,0,1,0,0,0,0,0,0,0,1,0,0,0,1,0,0
0,3,15.5,2,1,0,0,1,0,1,0,0,0,0,0,0,0,0,1,0,0,0,1,0,0
0,3,7.25,2,0,0,0,1,0,0,1,0,0,0,0,0,0,0,1,0,0,0,1,0,0
1,1,75.25,2,2,0,1,0,1,0,0,0,0,0,1,0,0,0,0,0,0,0,0,1,0
1,3,7.2292,2,0,0,1,0,1,0,0,0,0,0,0,0,0,0,1,0,0,0,0,1,0
1,3,7.75,2,0,0,1,0,0,1,0,0,0,0,0,0,0,0,1,0,0,1,0,0,0
1,1,69.3,2,2,0,1,0,1,0,0,0,1,0,0,0,0,0,0,0,0,1,0,0,0
1,1,55.4417,2,2,0,0,1,1,0,0,0,0,0,0,1,0,0,0,0,0,0,1,0,0
0,3,6.4958,1,0,0,0,1,0,0,1,0,0,0,0,0,0,0,1,0,0,0,1,0,0
0,3,8.05,1,1,0,0,1,0,0,1,0,0,0,0,0,0,0,1,0,0,0,1,0,0
0,1,135.6333,2,3,0,0,1,1,0,0,0,0,0,0,0,0,0,1,0,0,0,1,0,0
0,3,21.075,0,1,2,1,0,0,0,1,0,0,0,0,0,0,0,1,0,0,1,0,0,0
1,1,82.1708,2,2,0,1,0,1,0,0,0,0,0,0,0,0,0,1,0,0,0,0,1,0
1,3,7.25,2,0,0,1,0,0,0,1,0,0,0,0,0,0,0,1,0,0,1,0,0,0
0,1,211.5,2,3,1,0,1,1,0,0,0,0,1,0,0,0,0,0,0,0,0,1,0,0
0,3,4.0125,1,0,0,0,1,1,0,0,0,0,0,0,0,0,0,1,0,0,0,1,0,0
0,3,7.775,1,0,0,0,1,0,0,1,0,0,0,0,0,0,0,1,0,0,0,1,0,0
1,1,227.525,2,3,0,1,0,1,0,0,0,0,0,0,0,0,0,1,0,0,1,0,0,0
1,3,15.7417,0,1,1,1,0,1,0,0,0,0,0,0,0,0,0,1,0,0,1,0,0,0
0,3,7.925,2,0,0,0,1,0,0,1,0,0,0,0,0,0,0,1,0,0,0,1,0,0
1,1,52.0,2,2,0,1,0,0,0,1,0,0,0,0,0,0,0,1,0,0,0,0,1,0
0,3,7.8958,2,0,0,0,1,0,0,1,0,0,0,0,0,0,0,1,0,0,0,1,0,0
0,2,73.5,1,2,0,0,1,0,0,1,0,0,0,0,0,0,0,1,0,0,0,1,0,0
0,3,46.9,0,2,3,0,1,0,0,1,0,0,0,0,0,0,0,1,0,1,0,0,0,0
1,2,13.0,2,1,0,1,0,0,0,1,0,0,0,0,0,0,0,1,0,0,1,0,0,0
0,3,7.7292,2,0,0,0,1,0,1,0,0,0,0,0,0,0,0,1,0,0,0,1,0,0
1,2,12.0,1,1,0,1,0,1,0,0,0,0,0,0,0,0,0,1,0,0,1,0,0,0
1,1,120.0,2,3,1,0,1,0,0,1,0,1,0,0,0,0,0,0,0,0,0,1,0,0
1,3,7.7958,2,0,0,0,1,0,0,1,0,0,0,0,0,0,0,1,0,0,0,1,0,0
0,3,7.925,2,0,1,0,1,0,0,1,0,0,0,0,0,0,0,1,0,0,0,1,0,0
1,1,113.275,2,3,0,1,0,1,0,0,0,0,0,1,0,0,0,0,0,0,1,0,0,0
1,3,16.7,2,1,1,1,0,0,0,1,0,0,0,0,0,0,1,0,0,0,0,0,1,0
0,3,7.7958,2,0,0,0,1,0,0,1,0,0,0,0,0,0,0,1,0,0,0,1,0,0
0,3,7.8542,2,0,0,1,0,0,0,1,0,0,0,0,0,0,0,1,0,0,1,0,0,0
0,2,26.0,2,1,0,0,1,0,0,1,0,0,0,0,0,0,0,1,0,0,0,1,0,0
0,2,10.5,2,1,0,0,1,0,0,1,0,0,0,0,0,0,0,1,0,0,0,0,0,1
1,2,12.65,2,1,0,1,0,0,0,1,0,0,0,0,0,0,0,1,0,0,0,0,1,0
1,3,7.925,2,0,0,0,1,0,0,1,0,0,0,0,0,0,0,1,0,0,0,1,0,0
0,3,8.05,2,1,0,0,1,0,0,1,0,0,0,0,0,0,0,1,0,0,0,1,0,0
0,3,9.825,2,1,0,1,0,0,0,1,0,0,0,0,0,0,0,1,0,0,1,0,0,0
0,3,15.85,2,1,0,0,1,0,0,1,0,0,0,0,0,0,0,1,0,0,0,1,0,0
0,3,8.6625,1,1,0,1,0,0,0,1,0,0,0,0,0,0,0,1,0,0,1,0,0,0
0,2,21.0,2,1,0,0,1,0,0,1,0,0,0,0,0,0,0,1,0,0,0,1,0,0
0,3,7.75,2,0,0,0,1,0,0,1,0,0,0,0,0,0,0,1,0,0,0,1,0,0
1,2,18.75,0,1,1,0,1,0,0,1,0,0,0,0,0,0,0,1,0,1,0,0,0,0
0,3,7.775,2,0,0,0,1,0,0,1,0,0,0,0,0,0,0,1,0,0,0,1,0,0
0,3,25.4667,1,1,2,1,0,0,0,1,0,0,0,0,0,0,0,1,0,0,1,0,0,0
0,3,7.8958,2,0,0,0,1,0,0,1,0,0,0,0,0,0,0,1,0,0,0,1,0,0
0,3,6.8583,2,0,0,0,1,0,1,0,0,0,0,0,0,0,0,1,0,0,0,1,0,0
1,1,90.0,2,2,0,1,0,0,1,0,0,0,1,0,0,0,0,0,0,0,1,0,0,0
0,2,0.0,2,0,0,0,1,0,0,1,0,0,0,0,0,0,0,1,0,0,0,1,0,0
1,3,7.925,2,0,0,0,1,0,0,1,0,0,0,0,0,0,0,1,0,0,0,1,0,0
0,3,8.05,0,1,0,1,0,0,0,1,0,0,0,0,0,0,0,1,0,0,0,0,1,0
1,2,32.5,2,2,1,1,0,0,0,1,0,0,0,0,0,0,0,1,0,0,0,0,1,0
1,2,13.0,1,1,1,1,0,0,0,1,0,0,0,0,0,0,0,1,0,0,1,0,0,0
0,2,13.0,2,1,0,0,1,0,0,1,0,0,0,0,0,0,0,1,0,0,0,1,0,0
0,3,24.15,0,1,1,1,0,0,0,1,0,0,0,0,0,0,0,1,0,0,1,0,0,0
0,3,7.8958,2,0,0,0,1,1,0,0,0,0,0,0,0,0,0,1,0,0,0,1,0,0
0,3,7.7333,2,0,0,0,1,0,1,0,0,0,0,0,0,0,0,1,0,0,0,1,0,0
0,3,7.875,2,0,0,0,1,0,0,1,0,0,0,0,0,0,0,1,0,0,0,1,0,0
0,3,14.4,2,1,1,1,0,0,0,1,0,0,0,0,0,0,0,1,0,0,0,0,1,0
0,3,20.2125,1,1,1,0,1,0,0,1,0,0,0,0,0,0,0,1,0,0,0,1,0,0
0,3,7.25,2,0,0,0,1,0,0,1,0,0,0,0,0,0,0,1,0,0,0,1,0,0
1,2,26.0,2,1,0,1,0,0,0,1,0,0,0,0,0,0,0,1,0,0,0,0,1,0
1,2,26.0,1,1,0,1,0,0,0,1,0,0,0,0,0,0,0,1,0,0,1,0,0,0
0,3,7.75,0,0,0,0,1,0,1,0,0,0,0,0,0,0,0,1,0,0,0,1,0,0
1,3,8.05,2,1,0,0,1,0,0,1,0,0,0,0,1,0,0,0,0,0,0,1,0,0
1,1,26.55,2,1,0,0,1,0,0,1,0,0,1,0,0,0,0,0,0,0,0,1,0,0
1,3,16.1,2,1,0,1,0,0,0,1,0,0,0,0,0,0,0,1,0,0,0,0,1,0
1,2,26.0,2,1,0,1,0,0,0,1,0,0,0,0,0,0,0,1,0,0,0,0,1,0
0,3,7.125,1,0,0,0,1,0,0,1,0,0,0,0,0,0,0,1,0,0,0,1,0,0
0,1,55.9,2,2,0,0,1,0,0,1,0,0,0,0,1,0,0,0,0,0,0,1,0,0
1,1,120.0,1,3,1,1,0,0,0,1,0,1,0,0,0,0,0,0,0,0,1,0,0,0
0,3,34.375,2,2,2,1,0,0,0,1,0,0,0,0,0,0,0,1,0,0,1,0,0,0
1,2,18.75,2,1,2,1,0,0,0,1,0,0,0,0,0,0,0,1,0,0,0,0,1,0
0,1,263.0,2,3,2,0,1,0,0,1,0,0,1,0,0,0,0,0,0,0,0,1,0,0
0,2,10.5,2,1,0,0,1,0,0,1,0,0,0,0,0,0,0,1,0,0,0,1,0,0
1,2,26.25,2,1,1,1,0,0,0,1,0,0,0,0,0,0,0,1,0,0,0,0,1,0
0,3,9.5,1,1,0,0,1,0,0,1,0,0,0,0,0,0,0,1,0,0,0,1,0,0
0,3,7.775,2,0,0,0,1,0,0,1,0,0,0,0,0,0,0,1,0,0,0,1,0,0
1,2,13.0,2,1,0,1,0,0,0,1,0,0,0,0,0,0,0,1,0,0,1,0,0,0
1,3,8.1125,2,1,0,0,1,0,0,1,0,0,0,0,0,0,0,1,0,0,0,1,0,0
1,1,81.8583,0,2,1,0,1,0,0,1,1,0,0,0,0,0,0,0,0,1,0,0,0,0
1,2,19.5,1,1,0,1,0,0,0,1,0,0,0,0,0,0,0,1,0,0,1,0,0,0
1,1,26.55,2,1,0,0,1,0,0,1,0,0,0,0,0,0,0,1,0,0,0,1,0,0
1,3,19.2583,0,1,1,1,0,1,0,0,0,0,0,0,0,0,0,1,0,0,1,0,0,0
1,1,30.5,2,1,0,0,1,0,0,1,0,0,1,0,0,0,0,0,0,0,0,0,0,1
0,2,27.75,2,1,1,0,1,0,0,1,0,0,0,0,0,0,0,1,0,0,0,1,0,0
0,3,19.9667,2,1,0,0,1,0,0,1,0,0,0,0,0,0,0,1,0,0,0,1,0,0
0,1,27.75,2,1,0,0,1,1,0,0,0,0,1,0,0,0,0,0,0,0,0,1,0,0
1,1,89.1042,2,2,0,0,1,1,0,0,0,0,1,0,0,0,0,0,0,0,0,1,0,0
0,3,8.05,2,1,0,0,1,0,0,1,0,0,0,0,0,0,0,1,0,0,0,1,0,0
1,3,7.8958,2,0,0,0,1,1,0,0,0,0,0,0,0,0,0,1,0,0,0,1,0,0
0,1,26.55,2,1,0,0,1,0,0,1,0,0,0,0,1,0,0,0,0,0,0,1,0,0
1,1,51.8625,2,2,0,1,0,0,0,1,0,0,0,1,0,0,0,0,0,0,0,0,1,0
1,2,10.5,2,1,0,1,0,0,0,1,0,0,0,0,0,0,0,1,0,0,1,0,0,0
0,3,7.75,1,0,0,0,1,0,1,0,0,0,0,0,0,0,0,1,0,0,0,1,0,0
1,1,26.55,2,1,0,0,1,0,0,1,0,0,0,0,1,0,0,0,0,0,0,1,0,0
0,3,8.05,2,1,0,0,1,0,0,1,0,0,0,0,0,0,0,1,0,0,0,1,0,0
0,1,38.5,2,2,0,0,1,0,0,1,0,0,0,0,1,0,0,0,0,0,0,1,0,0
0,2,13.0,2,1,0,0,1,0,0,1,0,0,0,0,0,0,0,1,0,0,0,1,0,0
0,3,8.05,0,1,0,0,1,0,0,1,0,0,0,0,0,0,0,1,0,0,0,1,0,0
0,3,7.05,2,0,0,0,1,0,0,1,0,0,0,0,0,0,0,1,0,0,0,1,0,0
0,2,0.0,2,0,0,0,1,0,0,1,0,0,0,0,0,0,0,1,0,0,0,1,0,0
0,1,26.55,2,1,0,0,1,0,0,1,0,0,0,0,0,0,0,1,0,0,0,1,0,0
0,3,7.725,0,0,0,0,1,0,1,0,0,0,0,0,0,0,0,1,0,0,0,1,0,0
1,3,19.2583,0,1,1,1,0,1,0,0,0,0,0,0,0,0,0,1,0,0,1,0,0,0
0,3,7.25,2,0,0,0,1,0,0,1,0,0,0,0,0,0,0,1,0,0,0,1,0,0
0,3,8.6625,2,1,0,0,1,0,0,1,0,0,0,0,0,0,0,1,0,0,0,1,0,0
1,2,27.75,2,1,1,1,0,0,0,1,0,0,0,0,0,0,0,1,0,0,0,0,1,0
1,2,13.7917,2,1,0,1,0,1,0,0,0,0,0,1,0,0,0,0,0,0,0,0,1,0
0,3,9.8375,2,1,0,1,0,0,0,1,0,0,0,0,0,0,0,1,0,0,1,0,0,0
0,1,52.0,2,2,0,0,1,0,0,1,1,0,0,0,0,0,0,0,0,0,0,1,0,0
0,2,21.0,2,1,0,0,1,0,0,1,0,0,0,0,0,0,0,1,0,0,0,1,0,0
0,3,7.0458,2,0,0,0,1,0,0,1,0,0,0,0,0,0,0,1,0,0,0,1,0,0
0,3,7.5208,2,0,0,0,1,0,0,1,0,0,0,0,0,0,0,1,0,0,0,1,0,0
1,3,12.2875,0,1,0,1,0,0,0,1,0,0,0,0,0,0,0,1,0,0,1,0,0,0
0,3,46.9,0,2,3,0,1,0,0,1,0,0,0,0,0,0,0,1,0,1,0,0,0,0
0,2,0.0,2,0,0,0,1,0,0,1,0,0,0,0,0,0,0,1,0,0,0,1,0,0
0,3,8.05,2,1,0,0,1,0,0,1,0,0,0,0,0,0,0,1,0,0,0,1,0,0
1,3,9.5875,2,1,0,1,0,0,0,1,0,0,0,0,0,0,0,1,0,0,0,0,1,0
1,1,91.0792,2,2,0,0,1,1,0,0,0,1,0,0,0,0,0,0,0,0,0,1,0,0
0,3,25.4667,2,1,2,1,0,0,0,1,0,0,0,0,0,0,0,1,0,0,1,0,0,0
1,1,90.0,2,2,0,1,0,0,0,1,0,0,1,0,0,0,0,0,0,0,0,0,1,0
0,1,29.7,2,1,0,0,1,1,0,0,0,1,0,0,0,0,0,0,0,0,0,1,0,0
0,3,8.05,2,1,0,0,1,0,0,1,0,0,0,0,0,0,0,1,0,0,0,1,0,0
1,3,15.9,0,1,1,0,1,0,0,1,0,0,0,0,0,0,0,1,0,1,0,0,0,0
0,3,19.9667,2,1,0,0,1,0,0,1,0,0,0,0,0,0,0,1,0,0,0,1,0,0
0,3,7.25,2,0,0,0,1,0,0,1,0,0,0,0,0,0,0,1,0,0,0,1,0,0
0,1,30.5,2,1,0,0,1,0,0,1,0,0,1,0,0,0,0,0,0,0,0,1,0,0
0,1,49.5042,3,2,0,0,1,1,0,0,0,0,0,0,0,0,0,1,0,0,0,1,0,0
0,3,8.05,2,1,0,0,1,0,0,1,0,0,0,0,0,0,0,1,0,0,0,1,0,0
0,3,14.4583,0,1,0,0,1,1,0,0,0,0,0,0,0,0,0,1,0,0,0,1,0,0
1,1,78.2667,2,2,0,1,0,1,0,0,0,0,0,1,0,0,0,0,0,0,1,0,0,0
0,3,15.1,2,1,0,0,1,0,0,1,0,0,0,0,0,0,0,1,0,0,0,1,0,0
0,1,151.55,2,3,1,1,0,0,0,1,0,0,1,0,0,0,0,0,0,0,0,0,1,0
0,3,7.7958,2,0,0,0,1,0,0,1,0,0,0,0,0,0,0,1,0,0,0,1,0,0
0,3,8.6625,1,1,0,0,1,0,0,1,0,0,0,0,0,0,0,1,0,0,0,1,0,0
0,3,7.75,2,0,0,1,0,0,1,0,0,0,0,0,0,0,0,1,0,0,1,0,0,0
0,3,7.6292,2,0,0,1,0,0,1,0,0,0,0,0,0,0,0,1,0,0,1,0,0,0
0,3,9.5875,2,1,0,1,0,0,0,1,0,0,0,0,0,0,0,1,0,0,1,0,0,0
1,1,86.5,1,2,0,1,0,0,0,1,0,1,0,0,0,0,0,0,0,0,1,0,0,0
0,1,108.9,1,3,0,0,1,1,0,0,0,0,1,0,0,0,0,0,0,0,0,1,0,0
1,2,26.0,2,1,1,1,0,0,0,1,0,0,0,0,0,0,0,1,0,0,0,0,1,0
1,1,26.55,2,1,0,0,1,0,0,1,0,0,0,0,0,0,0,1,0,0,0,1,0,0
0,3,22.525,2,1,0,0,1,0,0,1,0,0,0,0,0,0,0,1,0,0,0,1,0,0
1,3,56.4958,2,2,0,0,1,0,0,1,0,0,0,0,0,0,0,1,0,0,0,1,0,0
1,3,7.75,2,0,0,0,1,0,1,0,0,0,0,0,0,0,0,1,0,0,0,1,0,0
0,3,8.05,2,1,0,0,1,0,0,1,0,0,0,0,0,0,0,1,0,0,0,1,0,0
1,1,26.2875,2,1,0,0,1,0,0,1,0,0,0,0,1,0,0,0,0,0,0,1,0,0
1,1,59.4,2,2,0,1,0,1,0,0,0,0,0,0,0,0,0,1,0,0,0,0,1,0
0,3,7.4958,2,0,0,0,1,0,0,1,0,0,0,0,0,0,0,1,0,0,0,1,0,0
0,1,34.0208,2,2,0,0,1,0,0,1,0,0,0,1,0,0,0,0,0,0,0,1,0,0
1,2,10.5,2,1,0,1,0,0,0,1,0,0,0,0,0,1,0,0,0,0,0,0,1,0
0,3,24.15,2,1,0,0,1,0,1,0,0,0,0,0,0,0,0,1,0,0,0,1,0,0
1,2,26.0,2,1,0,1,0,0,0,1,0,0,0,0,0,0,0,1,0,0,0,0,1,0
0,3,7.8958,2,0,0,0,1,0,0,1,0,0,0,0,0,0,0,1,0,0,0,1,0,0
1,1,93.5,2,2,0,1,0,0,0,1,0,1,0,0,0,0,0,0,0,0,1,0,0,0
0,3,7.8958,2,0,0,0,1,0,0,1,0,0,0,0,0,0,0,1,0,0,0,1,0,0
0,3,7.225,2,0,0,0,1,1,0,0,0,0,0,0,0,0,0,1,0,0,0,1,0,0
1,1,57.9792,2,2,0,1,0,1,0,0,0,1,0,0,0,0,0,0,0,0,0,0,1,0
0,3,7.2292,2,0,0,0,1,1,0,0,0,0,0,0,0,0,0,1,0,0,0,1,0,0
0,3,7.75,2,0,0,0,1,0,1,0,0,0,0,0,0,0,0,1,0,0,0,1,0,0
1,2,10.5,2,1,0,1,0,0,0,1,0,0,0,0,0,0,0,1,0,0,1,0,0,0
0,1,221.7792,2,3,0,0,1,0,0,1,0,0,1,0,0,0,0,0,0,0,0,1,0,0
0,3,7.925,2,0,0,0,1,0,0,1,0,0,0,0,0,0,0,1,0,0,0,1,0,0
0,2,11.5,2,1,1,0,1,0,0,1,0,0,0,0,0,0,0,1,0,0,0,1,0,0
1,2,26.0,0,1,1,1,0,0,0,1,0,0,0,0,0,0,0,1,0,0,1,0,0,0
0,3,7.2292,2,0,0,0,1,1,0,0,0,0,0,0,0,0,0,1,0,0,0,1,0,0
0,3,7.2292,1,0,1,0,1,1,0,0,0,0,0,0,0,0,0,1,0,0,0,1,0,0
1,3,22.3583,2,1,1,1,0,1,0,0,0,0,0,0,0,0,0,1,0,0,0,0,1,0
0,3,8.6625,2,1,0,1,0,0,0,1,0,0,0,0,0,0,0,1,0,0,1,0,0,0
1,2,26.25,0,1,1,1,0,0,0,1,0,0,0,0,0,0,0,1,0,0,1,0,0,0
0,1,26.55,2,1,0,0,1,0,0,1,0,1,0,0,0,0,0,0,0,0,0,0,0,1
1,1,106.425,2,3,0,1,0,1,0,0,0,0,0,0,0,0,0,1,0,0,1,0,0,0
0,3,14.5,2,1,0,0,1,0,0,1,0,0,0,0,0,0,0,1,0,0,0,1,0,0
1,1,49.5,2,2,1,1,0,1,0,0,0,1,0,0,0,0,0,0,0,0,1,0,0,0
1,1,71.0,2,2,1,1,0,0,0,1,0,1,0,0,0,0,0,0,0,0,1,0,0,0
0,3,31.275,0,2,2,1,0,0,0,1,0,0,0,0,0,0,0,1,0,0,1,0,0,0
0,3,31.275,1,2,2,1,0,0,0,1,0,0,0,0,0,0,0,1,0,0,1,0,0,0
1,2,26.0,2,1,0,0,1,0,0,1,0,0,0,0,0,0,0,1,0,0,0,1,0,0
0,1,106.425,2,3,0,0,1,1,0,0,0,0,1,0,0,0,0,0,0,0,0,1,0,0
0,1,26.0,2,1,0,0,1,0,0,1,0,0,0,0,0,0,0,1,0,0,0,1,0,0
1,2,26.0,1,1,0,1,0,0,0,1,0,0,0,0,0,0,0,1,0,0,0,0,1,0
1,2,13.8625,2,1,0,0,1,1,0,0,0,0,0,0,0,0,0,1,0,0,0,1,0,0
0,3,20.525,2,1,1,0,1,0,0,1,0,0,0,0,0,0,0,1,0,0,0,1,0,0
1,2,36.75,0,2,1,0,1,0,0,1,0,0,0,0,0,0,0,1,0,1,0,0,0,0
1,1,110.8833,1,3,1,0,1,1,0,0,0,0,1,0,0,0,0,0,0,0,0,1,0,0
0,2,26.0,2,1,0,0,1,0,0,1,0,0,0,0,0,0,0,1,0,0,0,1,0,0
0,3,7.8292,2,0,0,0,1,0,1,0,0,0,0,0,0,0,0,1,0,0,0,1,0,0
1,3,7.225,2,0,0,0,1,1,0,0,0,0,0,0,0,0,0,1,0,0,0,1,0,0
1,3,7.775,2,0,0,1,0,0,0,1,0,0,0,0,0,0,0,1,0,0,1,0,0,0
0,1,26.55,2,1,0,0,1,0,0,1,0,0,0,0,0,0,0,1,0,0,0,1,0,0
1,1,39.6,2,2,0,1,0,1,0,0,1,0,0,0,0,0,0,0,0,0,0,0,0,1
0,1,227.525,2,3,0,0,1,1,0,0,0,0,0,0,0,0,0,1,0,0,0,1,0,0
1,1,79.65,2,2,1,1,0,0,0,1,0,0,0,0,1,0,0,0,0,0,0,0,1,0
1,3,17.4,2,1,0,1,0,0,0,1,0,0,0,0,0,0,0,1,0,0,0,0,1,0
0,3,7.75,1,0,0,0,1,0,1,0,0,0,0,0,0,0,0,1,0,0,0,1,0,0
0,3,7.8958,2,0,0,0,1,0,0,1,0,0,0,0,0,0,0,1,0,0,0,1,0,0
0,2,13.5,2,1,0,0,1,0,0,1,0,0,0,0,0,0,0,1,0,0,0,1,0,0
0,3,8.05,2,1,0,0,1,0,0,1,0,0,0,0,0,0,0,1,0,0,0,1,0,0
0,3,8.05,1,1,0,1,0,0,0,1,0,0,0,0,0,0,0,1,0,0,1,0,0,0
0,3,24.15,2,1,1,0,1,0,0,1,0,0,0,0,0,0,0,1,0,0,0,1,0,0
0,3,7.8958,1,0,0,0,1,0,0,1,0,0,0,0,0,0,0,1,0,0,0,1,0,0
0,3,21.075,2,1,2,1,0,0,0,1,0,0,0,0,0,0,0,1,0,0,0,0,1,0
0,3,7.2292,2,0,0,0,1,1,0,0,0,0,0,0,0,0,0,1,0,0,0,1,0,0
1,3,7.8542,2,0,0,0,1,0,0,1,0,0,0,0,0,0,0,1,0,0,0,1,0,0
1,2,10.5,2,1,0,0,1,0,0,1,0,0,0,0,0,0,0,1,0,0,0,1,0,0
1,1,51.4792,2,2,1,1,0,0,0,1,0,0,1,0,0,0,0,0,0,0,0,0,1,0
1,1,26.3875,2,1,0,0,1,0,0,1,0,0,0,0,1,0,0,0,0,0,0,1,0,0
1,3,7.75,1,0,0,1,0,0,1,0,0,0,0,0,0,0,0,1,0,0,1,0,0,0
0,3,8.05,1,1,0,0,1,0,0,1,0,0,0,0,0,0,0,1,0,0,0,1,0,0
0,3,14.5,1,1,0,0,1,0,0,1,0,0,0,0,0,0,0,1,0,0,0,1,0,0
1,2,13.0,2,1,0,1,0,0,0,1,0,0,0,0,0,0,0,1,0,0,1,0,0,0
1,1,55.9,2,2,0,1,0,0,0,1,0,0,0,0,1,0,0,0,0,0,0,0,1,0
0,3,14.4583,2,1,0,1,0,1,0,0,0,0,0,0,0,0,0,1,0,0,0,0,1,0
1,3,7.925,2,0,0,0,1,0,0,1,0,0,0,0,0,0,0,1,0,0,0,1,0,0
1,2,30.0,2,1,1,1,0,0,0,1,0,0,0,0,0,0,0,1,0,0,1,0,0,0
1,1,110.8833,2,3,1,1,0,1,0,0,0,0,1,0,0,0,0,0,0,0,0,0,1,0
0,2,26.0,2,1,0,0,1,0,0,1,0,0,0,0,0,0,0,1,0,0,0,1,0,0
0,1,40.125,2,2,0,0,1,1,0,0,1,0,0,0,0,0,0,0,0,0,0,1,0,0
0,3,8.7125,2,1,0,0,1,1,0,0,0,0,0,0,0,0,0,1,0,0,0,1,0,0
1,1,79.65,1,2,1,1,0,0,0,1,0,0,0,0,1,0,0,0,0,0,1,0,0,0
0,2,15.0,2,1,0,0,1,0,0,1,0,0,0,0,0,0,0,1,0,0,0,1,0,0
1,1,79.2,2,2,1,0,1,1,0,0,0,1,0,0,0,0,0,0,0,0,0,1,0,0
0,3,8.05,2,1,0,0,1,0,0,1,0,0,0,0,0,0,0,1,0,0,0,1,0,0
0,3,8.05,2,1,0,0,1,0,0,1,0,0,0,0,0,0,0,1,0,0,0,1,0,0
0,3,7.125,2,0,0,0,1,0,0,1,0,0,0,0,0,0,0,1,0,0,0,1,0,0
1,1,78.2667,2,2,0,1,0,1,0,0,0,0,0,1,0,0,0,0,0,0,0,0,1,0
0,3,7.25,2,0,0,0,1,0,0,1,0,0,0,0,0,0,0,1,0,0,0,1,0,0
0,3,7.75,0,0,1,1,0,0,1,0,0,0,0,0,0,0,0,1,0,0,1,0,0,0
0,2,26.0,2,1,0,0,1,0,0,1,0,0,0,0,0,0,0,1,0,0,0,1,0,0
0,3,24.15,2,1,1,0,1,0,0,1,0,0,0,0,0,0,0,1,0,0,0,1,0,0
1,2,33.0,2,2,0,1,0,0,0,1,0,0,0,0,0,0,0,1,0,0,1,0,0,0
0,3,0.0,2,0,0,0,1,0,0,1,0,0,0,0,0,0,0,1,0,0,0,1,0,0
0,3,7.225,2,0,0,0,1,1,0,0,0,0,0,0,0,0,0,1,0,0,0,1,0,0
1,1,56.9292,2,2,0,0,1,1,0,0,1,0,0,0,0,0,0,0,0,0,0,0,0,1
1,2,27.0,2,1,1,1,0,0,0,1,0,0,0,0,0,0,0,1,0,0,0,0,1,0
0,3,7.8958,2,0,0,0,1,0,0,1,0,0,0,0,0,0,0,1,0,0,0,1,0,0
0,1,42.4,2,2,0,0,1,0,0,1,0,0,0,0,0,0,0,1,0,0,0,1,0,0
0,3,8.05,2,1,0,0,1,0,0,1,0,0,0,0,0,0,0,1,0,0,0,1,0,0
1,1,26.55,2,1,0,0,1,1,0,0,0,0,0,0,0,0,0,1,0,0,0,1,0,0
0,3,15.55,2,1,0,0,1,0,0,1,0,0,0,0,0,0,0,1,0,0,0,1,0,0
0,3,7.8958,2,0,0,0,1,0,0,1,0,0,0,0,0,0,0,1,0,0,0,1,0,0
1,1,30.5,2,1,0,0,1,0,0,1,0,0,0,0,0,0,0,1,0,0,0,1,0,0
1,2,41.5792,2,2,1,1,0,1,0,0,0,0,0,0,0,0,0,1,0,0,0,0,1,0
1,1,153.4625,2,3,0,1,0,0,0,1,0,0,1,0,0,0,0,0,0,0,1,0,0,0
0,3,31.275,2,2,2,1,0,0,0,1,0,0,0,0,0,0,0,1,0,0,0,0,1,0
0,3,7.05,1,0,0,0,1,0,0,1,0,0,0,0,0,0,0,1,0,0,0,1,0,0
1,3,15.5,2,1,0,1,0,0,1,0,0,0,0,0,0,0,0,1,0,0,1,0,0,0
0,3,7.75,1,0,0,0,1,0,1,0,0,0,0,0,0,0,0,1,0,0,0,1,0,0
0,3,8.05,2,1,0,0,1,0,0,1,0,0,0,0,0,0,0,1,0,0,0,1,0,0
1,2,65.0,2,2,1,1,0,0,0,1,0,0,0,0,0,0,0,1,0,0,1,0,0,0
0,3,14.4,2,1,1,0,1,0,0,1,0,0,0,0,0,0,0,1,0,0,0,1,0,0
0,3,16.1,2,1,0,1,0,0,0,1,0,0,0,0,0,0,0,1,0,0,0,0,1,0
1,2,39.0,0,2,1,1,0,0,0,1,0,0,0,0,0,1,0,0,0,0,1,0,0,0
0,2,10.5,2,1,0,0,1,0,0,1,0,0,0,0,0,0,0,1,0,0,0,1,0,0
0,3,14.4542,2,1,0,0,1,1,0,0,0,0,0,0,0,0,0,1,0,0,0,1,0,0
1,1,52.5542,2,2,0,0,1,0,0,1,0,0,0,1,0,0,0,0,0,0,0,1,0,0
1,3,15.7417,1,1,1,0,1,1,0,0,0,0,0,0,0,0,0,1,0,0,0,1,0,0
0,3,7.8542,2,0,0,0,1,0,0,1,0,0,0,0,0,0,0,1,0,0,0,1,0,0
0,3,16.1,2,1,0,0,1,0,0,1,0,0,0,0,0,0,0,1,0,0,0,1,0,0
0,1,32.3208,2,2,0,0,1,0,0,1,0,0,0,1,0,0,0,0,0,0,0,1,0,0
0,2,12.35,2,1,0,0,1,0,1,0,0,0,0,0,0,0,0,1,0,0,0,0,0,1
1,1,77.9583,2,2,0,1,0,0,0,1,0,0,0,1,0,0,0,0,0,0,1,0,0,0
0,3,7.8958,2,0,0,0,1,0,0,1,0,0,0,0,0,0,0,1,0,0,0,1,0,0
0,3,7.7333,2,0,0,0,1,0,1,0,0,0,0,0,0,0,0,1,0,0,0,1,0,0
1,1,30.0,3,1,0,0,1,0,0,1,1,0,0,0,0,0,0,0,0,0,0,1,0,0
0,3,7.0542,2,0,0,0,1,0,0,1,0,0,0,0,0,0,0,1,0,0,0,1,0,0
1,1,30.5,2,1,0,0,1,1,0,0,0,1,0,0,0,0,0,0,0,0,0,0,0,1
0,1,0.0,3,0,0,0,1,0,0,1,0,0,0,0,0,0,0,1,0,0,0,1,0,0
0,3,27.9,0,1,2,1,0,0,0,1,0,0,0,0,0,0,0,1,0,0,1,0,0,0
1,2,13.0,2,1,0,1,0,0,0,1,0,0,0,0,0,0,0,1,0,0,1,0,0,0
0,3,7.925,2,0,0,0,1,0,0,1,0,0,0,0,0,0,0,1,0,0,0,1,0,0
0,2,26.25,2,1,1,0,1,0,0,1,0,0,0,0,0,0,0,1,0,0,0,1,0,0
0,3,39.6875,2,2,2,1,0,0,0,1,0,0,0,0,0,0,0,1,0,0,0,0,1,0
0,3,16.1,2,1,0,0,1,0,0,1,0,0,0,0,0,0,0,1,0,0,0,1,0,0
0,3,7.8542,1,0,0,0,1,0,0,1,0,0,0,0,0,0,0,1,0,0,0,1,0,0
1,1,69.3,2,2,0,1,0,1,0,0,0,1,0,0,0,0,0,0,0,0,1,0,0,0
0,3,27.9,0,1,2,1,0,0,0,1,0,0,0,0,0,0,0,1,0,0,1,0,0,0
1,3,56.4958,2,2,0,0,1,0,0,1,0,0,0,0,0,0,0,1,0,0,0,1,0,0
1,3,19.2583,0,1,1,1,0,1,0,0,0,0,0,0,0,0,0,1,0,0,1,0,0,0
1,1,76.7292,2,2,0,0,1,1,0,0,0,0,0,1,0,0,0,0,0,0,0,1,0,0
0,3,7.8958,1,0,0,0,1,0,0,1,0,0,0,0,0,0,0,1,0,0,0,1,0,0
1,1,35.5,2,2,0,0,1,1,0,0,1,0,0,0,0,0,0,0,0,0,0,0,0,1
0,3,7.55,2,0,0,0,1,0,0,1,0,0,0,0,0,0,0,1,0,0,0,1,0,0
1,3,7.55,2,0,0,1,0,0,0,1,0,0,0,0,0,0,0,1,0,0,1,0,0,0
0,3,7.8958,2,0,0,0,1,0,0,1,0,0,0,0,0,0,0,1,0,0,0,1,0,0
1,2,23.0,1,1,0,1,0,0,0,1,0,0,0,0,0,0,0,1,0,0,1,0,0,0
0,3,8.4333,2,1,0,0,1,0,0,1,0,0,0,0,0,0,0,1,0,0,0,1,0,0
1,3,7.8292,1,0,0,1,0,0,1,0,0,0,0,0,0,0,0,1,0,0,1,0,0,0
0,3,6.75,1,0,0,1,0,0,1,0,0,0,0,0,0,0,0,1,0,0,1,0,0,0
0,2,73.5,2,2,1,0,1,0,0,1,0,0,0,0,0,0,0,1,0,0,0,1,0,0
0,3,7.8958,2,0,0,0,1,0,0,1,0,0,0,0,0,0,0,1,0,0,0,1,0,0
0,3,15.5,2,1,1,1,0,0,1,0,0,0,0,0,0,0,0,1,0,0,0,0,1,0
0,2,13.0,2,1,0,0,1,0,0,1,0,0,0,0,0,0,0,1,0,0,0,1,0,0
0,1,113.275,2,3,1,0,1,1,0,0,0,0,0,1,0,0,0,0,0,0,0,1,0,0
1,1,133.65,2,3,1,0,1,0,0,1,0,0,0,0,0,0,0,1,0,0,0,0,0,1
0,3,7.225,2,0,0,0,1,1,0,0,0,0,0,0,0,0,0,1,0,0,0,1,0,0
0,1,25.5875,2,1,0,0,1,0,0,1,0,0,0,0,1,0,0,0,0,0,0,1,0,0
0,3,7.4958,2,0,0,0,1,0,0,1,0,0,0,0,0,0,0,1,0,0,0,1,0,0
1,3,7.925,1,0,0,0,1,0,0,1,0,0,0,0,0,0,0,1,0,0,0,1,0,0
0,2,73.5,2,2,1,0,1,0,0,1,0,0,0,0,0,0,0,1,0,0,0,1,0,0
0,2,13.0,2,1,0,0,1,0,0,1,0,0,0,0,0,0,0,1,0,0,0,1,0,0
0,3,7.775,2,0,0,0,1,0,0,1,0,0,0,0,0,0,0,1,0,0,0,1,0,0
0,3,8.05,2,1,0,0,1,0,0,1,0,0,0,0,0,0,0,1,0,0,0,1,0,0
1,1,52.0,2,2,0,1,0,0,0,1,0,0,1,0,0,0,0,0,0,0,0,0,1,0
1,2,39.0,2,2,1,1,0,0,0,1,0,0,0,0,0,0,0,1,0,0,0,0,1,0
0,1,52.0,2,2,0,0,1,0,0,1,0,1,0,0,0,0,0,0,0,0,0,1,0,0
0,2,10.5,3,1,0,0,1,0,0,1,0,0,0,0,0,0,0,1,0,0,0,1,0,0
1,2,13.0,2,1,0,0,1,0,0,1,0,0,0,0,0,0,0,1,0,0,0,1,0,0
0,2,0.0,0,0,0,0,1,0,0,1,0,0,0,0,0,0,0,1,0,0,0,1,0,0
0,3,7.775,1,0,0,0,1,0,0,1,0,0,0,0,0,0,0,1,0,0,0,1,0,0
0,3,8.05,2,1,0,0,1,0,0,1,0,0,0,0,0,0,0,1,0,0,0,1,0,0
1,3,9.8417,1,1,0,1,0,0,0,1,0,0,0,0,0,0,0,1,0,0,1,0,0,0
0,3,46.9,2,2,3,1,0,0,0,1,0,0,0,0,0,0,0,1,0,0,0,0,1,0
1,1,512.3292,2,3,0,0,1,1,0,0,0,1,0,0,0,0,0,0,0,0,0,1,0,0
0,3,8.1375,2,1,0,1,0,0,1,0,0,0,0,0,0,0,0,1,0,0,1,0,0,0
1,1,76.7292,2,2,0,0,1,1,0,0,0,0,0,1,0,0,0,0,0,0,0,1,0,0
0,3,9.225,1,1,0,0,1,0,0,1,0,0,0,0,0,0,0,1,0,0,0,1,0,0
0,3,46.9,1,2,3,0,1,0,0,1,0,0,0,0,0,0,0,1,0,0,0,1,0,0
0,2,39.0,2,2,1,0,1,0,0,1,0,0,0,0,0,0,0,1,0,0,0,1,0,0
0,2,41.5792,2,2,1,0,1,1,0,0,0,0,0,0,0,0,0,1,0,0,0,1,0,0
0,3,39.6875,1,2,2,0,1,0,0,1,0,0,0,0,0,0,0,1,0,0,0,1,0,0
0,3,10.1708,1,1,0,0,1,0,0,1,0,0,0,0,0,0,0,1,0,0,0,1,0,0
0,3,7.7958,1,0,0,0,1,0,0,1,0,0,0,0,0,0,0,1,0,0,0,1,0,0
1,1,211.3375,1,3,0,1,0,0,0,1,0,1,0,0,0,0,0,0,0,0,1,0,0,0
1,1,57.0,2,2,0,0,1,0,0,1,0,1,0,0,0,0,0,0,0,0,0,1,0,0
1,3,13.4167,0,1,0,1,0,1,0,0,0,0,0,0,0,0,0,1,0,0,1,0,0,0
1,3,56.4958,1,2,0,0,1,0,0,1,0,0,0,0,0,0,0,1,0,0,0,1,0,0
0,3,7.225,2,0,0,0,1,1,0,0,0,0,0,0,0,0,0,1,0,0,0,1,0,0
0,1,26.55,2,1,0,0,1,0,0,1,0,0,0,0,0,0,0,1,0,0,0,0,0,1
0,2,13.5,2,1,0,0,1,0,0,1,0,0,0,0,0,0,0,1,0,0,0,1,0,0
0,3,8.05,2,1,0,0,1,0,0,1,0,0,0,0,0,0,0,1,0,0,0,1,0,0
1,3,7.7333,1,0,0,1,0,0,1,0,0,0,0,0,0,0,0,1,0,0,1,0,0,0
0,1,110.8833,2,3,1,0,1,1,0,0,0,0,1,0,0,0,0,0,0,0,0,1,0,0
0,3,7.65,2,0,0,0,1,0,0,1,0,0,0,0,0,1,0,0,0,0,0,1,0,0
1,1,227.525,1,3,0,1,0,1,0,0,0,0,1,0,0,0,0,0,0,0,0,0,1,0
1,1,26.2875,2,1,0,0,1,0,0,1,0,0,0,0,1,0,0,0,0,0,0,1,0,0
0,3,14.4542,1,1,0,1,0,1,0,0,0,0,0,0,0,0,0,1,0,0,1,0,0,0
0,3,7.7417,2,0,0,0,1,0,1,0,0,0,0,0,0,0,0,1,0,0,0,1,0,0
0,3,7.8542,2,0,0,0,1,0,0,1,0,0,0,0,0,0,0,1,0,0,0,1,0,0
0,2,26.0,2,1,0,0,1,0,0,1,0,0,0,0,0,0,0,1,0,0,0,1,0,0
1,2,13.5,2,1,0,1,0,0,0,1,0,0,0,0,0,0,0,1,0,0,0,0,1,0
1,1,26.2875,2,1,0,0,1,0,0,1,0,0,0,0,1,0,0,0,0,0,0,1,0,0
1,1,151.55,2,3,0,1,0,0,0,1,0,0,0,0,0,0,0,1,0,0,1,0,0,0
1,3,15.2458,1,1,1,0,1,1,0,0,0,0,0,0,0,0,0,1,0,1,0,0,0,0
1,1,49.5042,2,2,0,1,0,1,0,0,0,0,1,0,0,0,0,0,0,0,1,0,0,0
0,1,26.55,2,1,0,0,1,0,0,1,0,0,1,0,0,0,0,0,0,0,0,1,0,0
1,1,52.0,2,2,0,0,1,0,0,1,0,0,1,0,0,0,0,0,0,0,0,1,0,0
0,3,9.4833,2,1,0,0,1,0,0,1,0,0,0,0,0,0,0,1,0,0,0,1,0,0
0,2,13.0,2,1,0,0,1,0,0,1,0,0,0,0,0,0,0,1,0,0,0,1,0,0
0,3,7.65,1,0,0,0,1,0,0,1,0,0,0,0,0,1,0,0,0,0,0,1,0,0
1,1,227.525,2,3,0,1,0,1,0,0,0,0,1,0,0,0,0,0,0,0,1,0,0,0
1,2,10.5,2,1,0,1,0,0,0,1,0,0,0,0,1,0,0,0,0,0,1,0,0,0
0,3,15.5,2,1,0,0,1,0,1,0,0,0,0,0,0,0,0,1,0,0,0,1,0,0
0,3,7.775,2,0,0,0,1,0,0,1,0,0,0,0,0,0,0,1,0,0,0,1,0,0
1,2,33.0,0,2,0,1,0,0,0,1,0,0,0,0,0,0,0,1,0,0,1,0,0,0
0,3,7.0542,1,0,0,0,1,0,0,1,0,0,0,0,0,0,0,1,0,0,0,1,0,0
0,2,13.0,2,1,0,0,1,0,0,1,0,0,0,0,0,0,0,1,0,0,0,1,0,0
0,2,13.0,2,1,0,0,1,0,0,1,0,0,0,0,0,0,0,1,0,0,0,1,0,0
1,1,53.1,2,2,0,0,1,0,0,1,0,0,0,0,1,0,0,0,0,0,0,1,0,0
0,3,8.6625,1,1,0,0,1,0,0,1,0,0,0,0,0,0,0,1,0,0,0,1,0,0
1,2,21.0,2,1,1,1,0,0,0,1,0,0,0,0,0,0,0,1,0,0,0,0,1,0
1,3,7.7375,2,0,0,1,0,0,1,0,0,0,0,0,0,0,0,1,0,0,1,0,0,0
0,2,26.0,2,1,0,0,1,0,0,1,0,0,0,0,0,0,0,1,0,0,0,1,0,0
0,3,7.925,2,0,0,1,0,0,0,1,0,0,0,0,0,0,0,1,0,0,1,0,0,0
1,1,211.3375,2,3,0,1,0,0,0,1,0,1,0,0,0,0,0,0,0,0,1,0,0,0
0,3,18.7875,1,1,0,0,1,1,0,0,0,0,0,0,0,0,0,1,0,0,0,1,0,0
0,2,0.0,2,0,0,0,1,0,0,1,0,0,0,0,0,0,0,1,0,0,0,1,0,0
0,2,13.0,2,1,0,0,1,0,0,1,0,0,0,0,0,0,0,1,0,0,0,1,0,0
0,2,13.0,2,1,0,0,1,0,0,1,0,0,0,0,0,0,0,1,0,0,0,1,0,0
0,3,16.1,2,1,0,0,1,0,0,1,0,0,0,0,0,0,0,1,0,0,0,1,0,0
0,3,34.375,2,2,2,1,0,0,0,1,0,0,0,0,0,0,0,1,0,0,0,0,1,0
1,1,512.3292,2,3,0,0,1,1,0,0,0,1,0,0,0,0,0,0,0,0,0,1,0,0
0,3,7.8958,1,0,0,0,1,0,0,1,0,0,0,0,0,0,0,1,0,0,0,1,0,0
0,3,7.8958,1,0,0,0,1,0,0,1,0,0,0,0,0,0,0,1,0,0,0,1,0,0
1,1,30.0,2,1,0,0,1,0,0,1,0,0,0,1,0,0,0,0,0,0,0,1,0,0
0,1,78.85,2,2,0,0,1,0,0,1,0,0,1,0,0,0,0,0,0,0,0,1,0,0
1,1,262.375,2,3,2,1,0,1,0,0,0,1,0,0,0,0,0,0,0,0,1,0,0,0
0,3,16.1,2,1,0,0,1,0,0,1,0,0,0,0,0,0,0,1,0,0,0,1,0,0
1,3,7.925,2,0,0,0,1,0,0,1,0,0,0,0,0,0,0,1,0,0,0,1,0,0
0,1,71.0,3,2,1,0,1,0,0,1,0,1,0,0,0,0,0,0,0,0,0,0,0,1
0,3,20.25,1,1,1,0,1,0,0,1,0,0,0,0,0,0,0,1,0,0,0,1,0,0
1,2,13.0,2,1,0,1,0,0,0,1,0,0,0,0,0,0,0,1,0,0,1,0,0,0
0,1,53.1,1,2,0,0,1,0,0,1,0,0,0,1,0,0,0,0,0,0,0,1,0,0
0,3,7.75,2,0,0,0,1,0,1,0,0,0,0,0,0,0,0,1,0,0,0,1,0,0
1,2,23.0,0,1,1,1,0,0,0,1,0,0,0,0,0,0,0,1,0,0,1,0,0,0
1,3,12.475,0,1,0,0,1,0,0,1,0,0,0,0,1,0,0,0,0,1,0,0,0,0
0,3,9.5,2,1,0,0,1,0,0,1,0,0,0,0,0,0,0,1,0,0,0,1,0,0
0,3,7.8958,2,0,0,0,1,0,0,1,0,0,0,0,0,0,0,1,0,0,0,1,0,0
1,2,65.0,2,2,1,1,0,0,0,1,0,0,0,0,0,0,0,1,0,0,0,0,1,0
1,2,14.5,0,1,1,0,1,0,0,1,0,0,0,0,0,0,0,1,0,1,0,0,0,0
0,3,7.7958,2,0,0,0,1,0,0,1,0,0,0,0,0,0,0,1,0,0,0,1,0,0
0,2,11.5,1,1,0,0,1,0,0,1,0,0,0,0,0,0,0,1,0,0,0,1,0,0
0,3,8.05,2,1,0,0,1,0,0,1,0,0,0,0,0,0,0,1,0,0,0,1,0,0
1,1,86.5,2,2,0,1,0,0,0,1,0,1,0,0,0,0,0,0,0,0,0,0,0,1
0,3,14.5,2,1,0,0,1,0,0,1,0,0,0,0,0,0,0,1,0,0,0,1,0,0
0,3,7.125,2,0,0,0,1,0,0,1,0,0,0,0,0,0,0,1,0,0,0,1,0,0
1,3,7.2292,1,0,0,0,1,1,0,0,0,0,0,0,0,0,0,1,0,0,0,1,0,0
1,1,120.0,2,3,1,1,0,0,0,1,0,1,0,0,0,0,0,0,0,0,0,0,1,0
0,3,7.775,1,0,0,0,1,0,0,1,0,0,0,0,0,0,0,1,0,0,0,1,0,0
1,1,77.9583,2,2,0,1,0,0,0,1,0,0,0,1,0,0,0,0,0,0,0,0,1,0
0,1,39.6,2,2,0,0,1,1,0,0,0,0,0,0,0,0,0,1,0,0,0,0,0,1
0,3,7.75,2,0,0,1,0,0,1,0,0,0,0,0,0,0,0,1,0,0,1,0,0,0
0,3,24.15,2,1,0,0,1,0,1,0,0,0,0,0,0,0,0,1,0,0,0,1,0,0
0,3,8.3625,2,1,0,0,1,0,0,1,0,0,0,0,0,0,0,1,0,0,0,1,0,0
0,3,9.5,2,1,0,0,1,0,0,1,0,0,0,0,0,0,0,1,0,0,0,1,0,0
0,3,7.8542,2,0,0,0,1,0,0,1,0,0,0,0,0,0,0,1,0,0,0,1,0,0
0,2,10.5,2,1,0,1,0,0,0,1,0,0,0,0,1,0,0,0,0,0,0,0,1,0
0,3,7.225,2,0,0,0,1,1,0,0,0,0,0,0,0,0,0,1,0,0,0,1,0,0
1,2,23.0,2,1,2,1,0,0,0,1,0,0,0,0,0,0,0,1,0,0,0,0,1,0
0,3,7.75,1,0,0,0,1,0,0,1,0,0,0,0,0,0,0,1,0,0,0,1,0,0
0,3,7.75,0,0,0,0,1,0,1,0,0,0,0,0,0,1,0,0,0,0,0,1,0,0
1,3,12.475,0,1,0,1,0,0,0,1,0,0,0,0,0,0,0,1,0,0,1,0,0,0
0,3,7.7375,2,0,0,0,1,0,1,0,0,0,0,0,0,0,0,1,0,0,0,1,0,0
1,1,211.3375,2,3,0,1,0,0,0,1,0,1,0,0,0,0,0,0,0,0,0,0,1,0
1,3,7.2292,1,0,0,1,0,1,0,0,0,0,0,0,0,0,0,1,0,0,1,0,0,0
1,1,57.0,1,2,0,1,0,0,0,1,0,1,0,0,0,0,0,0,0,0,0,0,1,0
0,1,30.0,2,1,0,0,1,0,0,1,0,0,0,1,0,0,0,0,0,0,0,1,0,0
0,3,23.45,2,1,1,0,1,0,0,1,0,0,0,0,0,0,0,1,0,0,0,1,0,0
0,3,7.05,2,0,0,0,1,0,0,1,0,0,0,0,0,0,0,1,0,0,0,1,0,0
0,3,7.25,2,0,0,0,1,0,0,1,0,0,0,0,0,0,0,1,0,0,0,1,0,0
1,3,7.4958,1,0,0,1,0,0,0,1,0,0,0,0,0,0,0,1,0,0,1,0,0,0
0,3,29.125,0,1,2,0,1,0,1,0,0,0,0,0,0,0,0,1,0,1,0,0,0,0
1,3,20.575,0,1,1,0,1,0,0,1,0,0,0,0,0,0,0,1,0,1,0,0,0,0
0,1,79.2,2,2,0,0,1,1,0,0,0,1,0,0,0,0,0,0,0,0,0,1,0,0
0,3,7.75,1,0,0,0,1,0,1,0,0,0,0,0,0,0,0,1,0,0,0,1,0,0
0,2,26.0,1,1,0,0,1,0,0,1,0,0,0,0,0,0,0,1,0,0,0,1,0,0
0,3,69.55,3,2,3,1,0,0,0,1,0,0,0,0,0,0,0,1,0,0,1,0,0,0
0,1,30.6958,2,1,0,0,1,1,0,0,0,0,0,0,0,0,0,1,0,0,0,1,0,0
0,3,7.8958,2,0,0,0,1,0,0,1,0,0,0,0,0,0,0,1,0,0,0,1,0,0
0,2,13.0,2,1,0,0,1,0,0,1,0,0,0,0,0,0,0,1,0,0,0,1,0,0
1,1,25.9292,2,1,0,1,0,0,0,1,0,0,0,1,0,0,0,0,0,0,0,0,0,1
1,3,8.6833,2,1,0,1,0,0,0,1,0,0,0,0,0,0,0,1,0,0,0,0,1,0
0,3,7.2292,2,0,0,0,1,1,0,0,0,0,0,0,0,0,0,1,0,0,0,1,0,0
0,3,24.15,2,1,1,1,0,0,0,1,0,0,0,0,0,0,0,1,0,0,0,0,1,0
0,2,13.0,2,1,0,0,1,0,0,1,0,0,0,0,0,0,0,1,0,0,0,1,0,0
1,2,26.25,2,1,1,1,0,0,0,1,0,0,0,0,0,0,0,1,0,0,0,0,1,0
1,1,120.0,1,3,1,0,1,0,0,1,0,1,0,0,0,0,0,0,0,1,0,0,0,0
1,3,8.5167,0,1,0,0,1,1,0,0,0,0,0,0,0,0,0,1,0,1,0,0,0,0
1,3,6.975,2,0,0,0,1,0,0,1,0,0,0,0,0,0,0,1,0,0,0,1,0,0
0,3,7.775,2,0,0,0,1,0,0,1,0,0,0,0,0,0,0,1,0,0,0,1,0,0
0,1,0.0,2,0,0,0,1,0,0,1,1,0,0,0,0,0,0,0,0,0,0,1,0,0
0,3,7.775,1,0,0,1,0,0,0,1,0,0,0,0,0,0,0,1,0,0,1,0,0,0
0,2,13.0,2,1,0,0,1,0,0,1,0,0,0,0,0,0,0,1,0,0,0,1,0,0
1,1,53.1,2,2,0,1,0,0,0,1,0,0,0,0,1,0,0,0,0,0,0,0,1,0
0,3,7.8875,2,0,0,0,1,0,0,1,0,0,0,0,0,0,0,1,0,0,0,1,0,0
0,3,24.15,2,1,0,0,1,0,0,1,0,0,0,0,0,0,0,1,0,0,0,1,0,0
0,2,10.5,2,1,0,0,1,0,0,1,0,0,0,0,0,0,0,1,0,0,0,1,0,0
0,3,31.275,0,2,2,1,0,0,0,1,0,0,0,0,0,0,0,1,0,0,1,0,0,0
0,3,8.05,2,1,0,0,1,0,0,1,0,0,0,0,0,0,0,1,0,0,0,1,0,0
0,1,0.0,2,0,0,0,1,0,0,1,0,1,0,0,0,0,0,0,0,0,0,1,0,0
0,3,7.925,2,0,0,1,0,0,0,1,0,0,0,0,0,0,0,1,0,0,1,0,0,0
0,2,37.0042,2,2,1,0,1,1,0,0,0,0,0,0,0,0,0,1,0,0,0,1,0,0
0,3,6.45,2,0,0,0,1,0,0,1,0,0,0,0,0,0,0,1,0,0,0,1,0,0
0,3,27.9,0,1,2,0,1,0,0,1,0,0,0,0,0,0,0,1,0,1,0,0,0,0
1,1,93.5,2,2,1,1,0,0,0,1,0,1,0,0,0,0,0,0,0,0,0,0,1,0
1,3,8.6625,2,1,0,0,1,0,0,1,0,0,0,0,0,0,0,1,0,0,0,1,0,0
0,1,0.0,2,0,0,0,1,0,0,1,0,0,0,0,0,0,0,1,0,0,0,0,0,1
1,3,12.475,2,1,0,1,0,0,0,1,0,0,0,0,1,0,0,0,0,0,0,0,1,0
0,3,39.6875,0,2,2,0,1,0,0,1,0,0,0,0,0,0,0,1,0,1,0,0,0,0
0,3,6.95,2,0,0,0,1,0,1,0,0,0,0,0,0,0,0,1,0,0,0,1,0,0
0,3,56.4958,2,2,0,0,1,0,0,1,0,0,0,0,0,0,0,1,0,0,0,1,0,0
1,2,37.0042,0,2,1,0,1,1,0,0,0,0,0,0,0,0,0,1,0,1,0,0,0,0
1,3,7.75,0,0,0,0,1,0,1,0,0,0,0,0,0,0,0,1,0,0,0,1,0,0
1,1,80.0,2,2,0,1,0,1,0,0,0,1,0,0,0,0,0,0,0,0,0,0,1,0
1,3,14.4542,1,1,0,1,0,1,0,0,0,0,0,0,0,0,0,1,0,0,0,0,1,0
1,2,18.75,0,1,1,0,1,0,0,1,0,0,0,0,0,0,0,1,0,1,0,0,0,0
0,3,7.2292,2,0,0,0,1,1,0,0,0,0,0,0,0,0,0,1,0,0,0,1,0,0
0,3,7.8542,2,0,0,0,1,0,0,1,0,0,0,0,0,0,0,1,0,0,0,1,0,0
0,3,8.3,1,1,0,0,1,0,0,1,0,0,0,0,0,0,0,1,0,0,0,1,0,0
1,1,83.1583,2,2,1,1,0,1,0,0,0,0,0,0,1,0,0,0,0,0,1,0,0,0
0,3,8.6625,2,1,0,0,1,0,0,1,0,0,0,0,0,0,0,1,0,0,0,1,0,0
0,3,8.05,2,1,0,0,1,0,0,1,0,0,0,0,0,0,0,1,0,0,0,1,0,0
1,3,56.4958,2,2,0,0,1,0,0,1,0,0,0,0,0,0,0,1,0,0,0,1,0,0
1,1,29.7,2,1,0,0,1,1,0,0,0,0,1,0,0,0,0,0,0,0,0,1,0,0
0,3,7.925,1,0,0,0,1,0,0,1,0,0,0,0,0,0,0,1,0,0,0,1,0,0
0,2,10.5,1,1,0,0,1,0,0,1,0,0,0,0,0,0,0,1,0,0,0,1,0,0
1,1,31.0,2,1,0,1,0,1,0,0,0,0,0,0,0,0,0,1,0,0,1,0,0,0
0,3,6.4375,2,0,0,0,1,1,0,0,0,0,0,0,0,0,0,1,0,0,0,1,0,0
0,3,8.6625,1,1,0,0,1,0,0,1,0,0,0,0,0,0,0,1,0,0,0,1,0,0
0,3,7.55,2,0,0,0,1,0,0,1,0,0,0,0,0,0,0,1,0,0,0,1,0,0
0,3,69.55,2,2,3,0,1,0,0,1,0,0,0,0,0,0,0,1,0,0,0,1,0,0
0,3,7.8958,2,0,0,0,1,1,0,0,0,0,0,0,0,0,0,1,0,0,0,1,0,0
0,2,33.0,2,2,0,0,1,0,0,1,0,0,0,0,0,0,0,1,0,0,0,0,0,1
1,1,89.1042,2,2,0,1,0,1,0,0,0,0,1,0,0,0,0,0,0,0,0,0,1,0
0,3,31.275,0,2,2,0,1,0,0,1,0,0,0,0,0,0,0,1,0,1,0,0,0,0
0,3,7.775,3,0,0,0,1,0,0,1,0,0,0,0,0,0,0,1,0,0,0,1,0,0
0,3,15.2458,0,1,1,1,0,1,0,0,0,0,0,0,0,0,0,1,0,0,1,0,0,0
1,1,39.4,1,2,0,1,0,0,0,1,0,0,0,1,0,0,0,0,0,0,1,0,0,0
0,2,26.0,2,1,0,1,0,0,0,1,0,0,0,0,0,0,0,1,0,0,0,0,1,0
1,3,9.35,1,1,0,1,0,0,0,1,0,0,0,0,0,0,0,1,0,0,0,0,1,0
1,1,164.8667,2,3,1,1,0,0,0,1,0,0,0,0,0,0,0,1,0,0,0,0,1,0
1,1,26.55,2,1,0,0,1,0,0,1,0,0,0,0,1,0,0,0,0,0,0,1,0,0
1,3,19.2583,2,1,1,1,0,1,0,0,0,0,0,0,0,0,0,1,0,0,0,0,1,0
0,3,7.2292,2,0,0,0,1,1,0,0,0,0,0,0,0,0,0,1,0,0,0,1,0,0
0,3,14.1083,2,1,1,0,1,0,0,1,0,0,0,0,0,0,0,1,0,0,0,1,0,0
0,2,11.5,2,1,0,0,1,0,0,1,0,0,0,0,0,0,0,1,0,0,0,1,0,0
1,1,25.9292,2,1,0,1,0,0,0,1,0,0,0,1,0,0,0,0,0,0,0,0,1,0
0,3,69.55,1,2,3,1,0,0,0,1,0,0,0,0,0,0,0,1,0,0,1,0,0,0
0,2,13.0,2,1,0,0,1,0,0,1,0,0,0,0,0,0,0,1,0,0,0,1,0,0
1,2,13.0,2,1,0,1,0,0,0,1,0,0,0,0,0,0,0,1,0,0,0,0,1,0
1,2,13.8583,2,1,0,1,0,1,0,0,0,0,0,0,0,0,0,1,0,0,1,0,0,0
0,1,50.4958,2,2,0,0,1,0,0,1,1,0,0,0,0,0,0,0,0,0,0,1,0,0
0,3,9.5,1,1,0,0,1,0,0,1,0,0,0,0,0,0,0,1,0,0,0,1,0,0
1,3,11.1333,0,1,1,0,1,0,0,1,0,0,0,0,0,0,0,1,0,1,0,0,0,0
0,3,7.8958,2,0,0,0,1,0,0,1,0,0,0,0,0,0,0,1,0,0,0,1,0,0
1,1,52.5542,2,2,1,1,0,0,0,1,0,0,0,1,0,0,0,0,0,0,0,0,1,0
0,1,5.0,2,0,0,0,1,0,0,1,0,1,0,0,0,0,0,0,0,0,0,1,0,0
0,3,9.0,2,1,0,0,1,0,0,1,0,0,0,0,0,0,0,1,0,0,0,1,0,0
1,2,24.0,2,1,0,1,0,1,0,0,0,0,0,0,0,0,0,1,0,0,0,0,1,0
1,3,7.225,1,0,0,1,0,1,0,0,0,0,0,0,0,0,0,1,0,0,1,0,0,0
0,3,9.8458,1,1,0,0,1,0,0,1,0,0,0,0,0,0,0,1,0,0,0,1,0,0
0,3,7.8958,1,0,0,0,1,0,0,1,0,0,0,0,0,0,0,1,0,0,0,1,0,0
0,3,7.8958,0,0,0,0,1,0,0,1,0,0,0,0,0,0,0,1,0,0,0,1,0,0
1,1,83.1583,2,2,0,1,0,1,0,0,0,0,1,0,0,0,0,0,0,0,0,0,1,0
1,2,26.0,2,1,0,1,0,0,0,1,0,0,0,0,0,0,0,1,0,0,0,0,1,0
0,3,7.8958,2,0,0,0,1,0,0,1,0,0,0,0,0,0,0,1,0,0,0,1,0,0
0,3,10.5167,2,1,0,1,0,0,0,1,0,0,0,0,0,0,0,1,0,0,1,0,0,0
0,2,10.5,2,1,0,0,1,0,0,1,0,0,0,0,0,0,0,1,0,0,0,1,0,0
0,3,7.05,2,0,0,0,1,0,0,1,0,0,0,0,0,0,0,1,0,0,0,1,0,0
0,3,29.125,2,1,2,1,0,0,1,0,0,0,0,0,0,0,0,1,0,0,0,0,1,0
0,2,13.0,2,1,0,0,1,0,0,1,0,0,0,0,0,0,0,1,0,0,0,0,0,1
1,1,30.0,1,1,0,1,0,0,0,1,0,1,0,0,0,0,0,0,0,0,1,0,0,0
0,3,23.45,0,1,1,1,0,0,0,1,0,0,0,0,0,0,0,1,0,0,1,0,0,0
1,1,30.0,2,1,0,0,1,1,0,0,0,0,1,0,0,0,0,0,0,0,0,1,0,0
0,3,7.75,2,0,0,0,1,0,1,0,0,0,0,0,0,0,0,1,0,0,0,1,0,0
